run,final_balance,total_return,win_rate,max_drawdown,net_profit
0,2829.986939430237,28199.869394302368,70.73170731707317,1334.911584854126,2819.986939430237
1,1426.4429903030396,14164.429903030396,65.85365853658537,986.3961935043335,1416.4429903030396
2,525.5351161956787,5155.351161956787,58.536585365853654,1571.6279745101929,515.5351161956787
3,845.9187245368958,8359.187245368958,65.85365853658537,1268.5940265655518,835.9187245368958
4,2183.4079122543335,21734.079122543335,65.85365853658537,692.0013427734375,2173.4079122543335
5,308.9630103111267,2989.630103111267,56.09756097560976,920.5157160758972,298.9630103111267
6,179.9228882789612,1699.2288827896123,51.21951219512195,890.7202482223511,169.9228882789612
7,3688.512930870056,36785.12930870056,68.29268292682927,817.2910213470459,3678.512930870056
8,394.52476263046265,3845.2476263046265,60.97560975609756,983.3900332450867,384.52476263046265
9,1471.9420766830444,14619.420766830444,68.29268292682927,1787.7987623214722,1461.9420766830444
10,2924.01207447052,29140.1207447052,63.41463414634146,1856.5105199813843,2914.01207447052
11,4470.790753364563,44607.90753364563,68.29268292682927,640.8214569091797,4460.790753364563
12,-1039.5452880859375,-10495.452880859375,51.21951219512195,1519.9458599090576,-1049.5452880859375
13,-1395.07972240448,-14050.7972240448,56.09756097560976,2133.6594820022583,-1405.07972240448
14,2300.2477979660034,22902.477979660034,63.41463414634146,662.8882884979248,2290.2477979660034
15,335.88762044906616,3258.8762044906616,56.09756097560976,1085.99853515625,325.88762044906616
16,-272.40305185317993,-2824.0305185317993,58.536585365853654,1805.7705163955688,-282.40305185317993
17,2749.3534779548645,27393.534779548645,60.97560975609756,692.0013427734375,2739.3534779548645
18,245.16958951950073,2351.6958951950073,58.536585365853654,1007.0503354072571,235.16958951950073
19,1138.408670425415,11284.08670425415,68.29268292682927,692.0013427734375,1128.408670425415
20,-414.52770471572876,-4245.277047157288,53.65853658536586,1105.4291725158691,-424.52770471572876
21,3177.326331138611,31673.26331138611,60.97560975609756,1291.0430431365967,3167.326331138611
22,5299.867162704468,52898.67162704468,63.41463414634146,424.3420362472534,5289.867162704468
23,1433.172116279602,14231.72116279602,73.17073170731707,288.1239652633667,1423.172116279602
24,1523.1101608276367,15131.101608276367,53.65853658536586,487.8297448158264,1513.1101608276367
25,-458.7995910644531,-4687.995910644531,56.09756097560976,2023.3114957809448,-468.7995910644531
26,3128.685305118561,31186.853051185608,75.60975609756098,221.51434421539307,3118.685305118561
27,-50.35411357879639,-603.5411357879639,53.65853658536586,1561.1313581466675,-60.35411357879639
28,3059.5896339416504,30495.896339416504,65.85365853658537,1248.5909461975098,3049.5896339416504
29,417.0115685462953,4070.115685462953,58.536585365853654,1258.427381515503,407.0115685462953
30,-400.4786515235901,-4104.786515235901,51.21951219512195,972.8723764419556,-410.4786515235901
31,3282.4780440330505,32724.780440330505,53.65853658536586,866.6921854019165,3272.4780440330505
32,2397.671411037445,23876.71411037445,75.60975609756098,697.8838443756104,2387.671411037445
33,793.9222550392151,7839.222550392151,51.21951219512195,1137.4465227127075,783.9222550392151
34,1823.1078481674194,18131.078481674194,63.41463414634146,1373.3757734298706,1813.1078481674194
35,828.56769323349,8185.6769323349,53.65853658536586,1090.0039672851562,818.56769323349
36,2857.416937351227,28474.169373512268,73.17073170731707,484.29369926452637,2847.416937351227
37,5108.883152008057,50988.83152008057,85.36585365853658,412.0025634765625,5098.883152008057
38,4283.681819438934,42736.81819438934,82.92682926829268,692.0013427734375,4273.681819438934
39,-299.0529441833495,-3090.529441833495,46.34146341463415,1160.9992980957031,-309.0529441833495
40,2004.7085976600647,19947.085976600647,63.41463414634146,450.8603811264038,1994.7085976600647
41,-443.6595940589905,-4536.595940589905,46.34146341463415,1357.5149774551392,-453.6595940589905
42,1524.6279335021973,15146.279335021973,68.29268292682927,692.0013427734375,1514.6279335021973
43,709.0032792091371,6990.032792091371,56.09756097560976,907.5919389724731,699.0032792091371
44,916.0475826263428,9060.475826263428,65.85365853658537,1595.2576398849487,906.0475826263428
45,-365.3257989883423,-3753.257989883423,46.34146341463415,2419.3272590637207,-375.3257989883423
46,653.2461142539978,6432.461142539978,68.29268292682927,1208.1474661827087,643.2461142539978
47,-392.45020389556885,-4024.5020389556885,60.97560975609756,1083.5793018341064,-402.45020389556885
48,-168.4592866897583,-1784.592866897583,51.21951219512195,1592.9428339004517,-178.4592866897583
49,4390.855083465576,43808.55083465576,70.73170731707317,285.4996919631958,4380.855083465576
50,3860.5488634109497,38505.4886341095,63.41463414634146,696.3949203491211,3850.5488634109497
51,224.5649790763855,2145.649790763855,48.78048780487805,945.9991455078125,214.5649790763855
52,1473.9593362808228,14639.593362808228,58.536585365853654,1126.4286041259766,1463.9593362808228
53,1245.2213263511658,12352.213263511658,65.85365853658537,820.6930160522461,1235.2213263511658
54,3323.9476776123047,33139.47677612305,68.29268292682927,963.3241891860962,3313.9476776123047
55,3064.392635822296,30543.92635822296,60.97560975609756,692.0013427734375,3054.392635822296
56,2957.209358215332,29472.09358215332,56.09756097560976,952.8467059135437,2947.209358215332
57,2787.6949405670166,27776.949405670166,56.09756097560976,412.0025634765625,2777.6949405670166
58,1644.3556642532349,16343.556642532349,63.41463414634146,1497.4653720855713,1634.3556642532349
59,2835.386345386505,28253.86345386505,60.97560975609756,1051.8033504486084,2825.386345386505
60,1637.050518989563,16270.50518989563,56.09756097560976,746.0820078849792,1627.050518989563
61,905.0344324111938,8950.344324111938,51.21951219512195,615.4674887657166,895.0344324111938
62,2352.040002346039,23420.40002346039,56.09756097560976,692.0013427734375,2342.040002346039
63,2753.496298789978,27434.96298789978,75.60975609756098,470.27313709259033,2743.496298789978
64,214.89728450775146,2048.9728450775146,56.09756097560976,1343.0299758911133,204.89728450775146
65,451.00749492645264,4410.074949264526,63.41463414634146,1239.2377853393555,441.00749492645264
66,-775.0815057754517,-7850.815057754517,53.65853658536586,1936.0517263412476,-785.0815057754517
67,2118.3993911743164,21083.993911743164,56.09756097560976,710.0067138671875,2108.3993911743164
68,769.5240473747255,7595.240473747255,53.65853658536586,721.7477560043335,759.5240473747255
69,-771.5393209457397,-7815.3932094573975,51.21951219512195,2543.6545610427856,-781.5393209457397
70,1634.1857409477234,16241.857409477234,65.85365853658537,692.0013427734375,1624.1857409477234
71,2742.011079788208,27320.11079788208,63.41463414634146,804.535984992981,2732.011079788208
72,3025.052378177643,30150.52378177643,65.85365853658537,894.3926095962524,3015.052378177643
73,2639.5348405838013,26295.348405838013,60.97560975609756,1001.8961429595947,2629.5348405838013
74,2895.9786987304688,28859.786987304688,63.41463414634146,532.5404405593872,2885.9786987304688
75,3210.5937099456787,32005.937099456787,70.73170731707317,658.1311225891113,3200.5937099456787
76,1733.7759828567505,17237.759828567505,56.09756097560976,692.0013427734375,1723.7759828567505
77,194.23032760620117,1842.3032760620117,60.97560975609756,1245.499849319458,184.23032760620117
78,2547.53399848938,25375.3399848938,63.41463414634146,388.1227970123291,2537.53399848938
79,2213.254759311676,22032.54759311676,70.73170731707317,412.0025634765625,2203.254759311676
80,209.43994283676147,1994.3994283676147,53.65853658536586,1381.9709420204163,199.43994283676147
81,3196.0320568084717,31860.320568084717,70.73170731707317,704.3408155441284,3186.0320568084717
82,58.79087209701538,487.9087209701538,58.536585365853654,1225.9060144424438,48.79087209701538
83,-1194.4024467468262,-12044.024467468262,63.41463414634146,2415.3735637664795,-1204.4024467468262
84,1075.815508365631,10658.155083656311,46.34146341463415,808.857798576355,1065.815508365631
85,1145.3188753128052,11353.188753128052,63.41463414634146,1191.0580396652222,1135.3188753128052
86,3150.825629234314,31408.25629234314,60.97560975609756,811.7531538009644,3140.825629234314
87,598.8929963111877,5888.929963111877,58.536585365853654,859.9306344985962,588.8929963111877
88,506.2953329086305,4962.9533290863055,46.34146341463415,2385.000705718994,496.2953329086305
89,2123.8872504234314,21138.872504234314,58.536585365853654,452.02064514160156,2113.8872504234314
90,3009.026656150818,29990.26656150818,75.60975609756098,757.99560546875,2999.026656150818
91,1207.3772048950195,11973.772048950195,56.09756097560976,1085.6695175170898,1197.3772048950195
92,-327.1598720550537,-3371.598720550537,68.29268292682927,3702.9895782470703,-337.1598720550537
93,1188.44158411026,11784.4158411026,46.34146341463415,1939.2101168632507,1178.44158411026
94,1914.2627215385437,19042.627215385437,56.09756097560976,696.4040994644165,1904.2627215385437
95,1680.6156730651855,16706.156730651855,63.41463414634146,433.29793214797974,1670.6156730651855
96,4486.192235946655,44761.92235946655,70.73170731707317,728.5546064376831,4476.192235946655
97,497.3853921890259,4873.853921890259,58.536585365853654,1381.399154663086,487.3853921890259
98,2567.7144026756287,25577.144026756287,65.85365853658537,672.1371412277222,2557.7144026756287
99,3592.008719444275,35820.08719444275,73.17073170731707,412.0025634765625,3582.008719444275
100,851.6513800621033,8416.513800621033,63.41463414634146,1007.0897340774536,841.6513800621033
101,1669.3519449234009,16593.51944923401,56.09756097560976,538.115382194519,1659.3519449234009
102,-40.41271448135376,-504.1271448135376,56.09756097560976,1060.4112148284912,-50.41271448135376
103,1192.1688413619995,11821.688413619995,56.09756097560976,1004.4220685958862,1182.1688413619995
104,1811.9146919250488,18019.14691925049,63.41463414634146,700.3118991851807,1801.9146919250488
105,1594.6973657608032,15846.973657608032,63.41463414634146,692.8073167800903,1584.6973657608032
106,1978.1583046913147,19681.583046913147,60.97560975609756,918.8522100448608,1968.1583046913147
107,1258.1020092964172,12481.020092964172,56.09756097560976,692.86048412323,1248.1020092964172
108,-776.1204743385315,-7861.204743385315,43.90243902439025,911.0031127929688,-786.1204743385315
109,2010.2374053001404,20002.374053001404,63.41463414634146,696.0043907165527,2000.2374053001404
110,875.2403354644775,8652.403354644775,51.21951219512195,712.7708792686462,865.2403354644775
111,1013.26007604599,10032.6007604599,63.41463414634146,864.341139793396,1003.26007604599
112,1977.8179621696472,19678.179621696472,65.85365853658537,508.5088014602661,1967.8179621696472
113,-1045.7135343551636,-10557.135343551636,58.536585365853654,1224.9205112457275,-1055.7135343551636
114,4845.485875606537,48354.85875606537,82.92682926829268,692.0013427734375,4835.485875606537
115,4235.156486034393,42251.56486034393,56.09756097560976,219.00177001953125,4225.156486034393
116,1699.4946098327637,16894.946098327637,56.09756097560976,759.0100765228271,1689.4946098327637
117,2166.184494495392,21561.84494495392,68.29268292682927,583.9236974716187,2156.184494495392
118,-39.874484539031954,-498.74484539031954,53.65853658536586,1313.3370280265808,-49.874484539031954
119,1592.1612477302551,15821.612477302551,65.85365853658537,701.7090320587158,1582.1612477302551
120,1479.6279168128967,14696.279168128967,58.536585365853654,1503.5693645477295,1469.6279168128967
121,1753.579387664795,17435.79387664795,65.85365853658537,1193.0084228515625,1743.579387664795
122,3351.3785696029663,33413.78569602966,73.17073170731707,793.2167053222656,3341.3785696029663
123,181.1282730102539,1711.282730102539,58.536585365853654,1329.060673713684,171.1282730102539
124,167.41264820098877,1574.1264820098877,60.97560975609756,1999.468445777893,157.41264820098877
125,773.4267807006837,7634.267807006838,53.65853658536586,1240.4946088790894,763.4267807006837
126,-792.0057678222656,-8020.057678222656,48.78048780487805,2083.92071723938,-802.0057678222656
127,1986.0342836380007,19760.34283638001,68.29268292682927,974.0066528320312,1976.0342836380007
128,-278.9447808265686,-2889.447808265686,56.09756097560976,1115.6973838806152,-288.9447808265686
129,1828.3457255363464,18183.457255363464,63.41463414634146,412.0025634765625,1818.3457255363464
130,1828.0446028709412,18180.44602870941,63.41463414634146,892.5060033798218,1818.0446028709412
131,1122.1894121170044,11121.894121170044,68.29268292682927,980.6655645370483,1112.1894121170044
132,-129.47641849517822,-1394.7641849517822,56.09756097560976,1287.2811555862427,-139.47641849517822
133,726.0974740982056,7160.974740982056,53.65853658536586,1551.5871047973633,716.0974740982056
134,3884.341368675232,38743.41368675232,73.17073170731707,412.0025634765625,3874.341368675232
135,-175.7926845550537,-1857.926845550537,51.21951219512195,1957.135796546936,-185.7926845550537
136,1954.0195560455322,19440.195560455322,60.97560975609756,807.9986572265625,1944.0195560455322
137,1583.8865733146667,15738.865733146667,48.78048780487805,1104.00390625,1573.8865733146667
138,1724.845597743988,17148.45597743988,65.85365853658537,421.81968688964844,1714.845597743988
139,461.2590169906616,4512.590169906616,56.09756097560976,1411.389410495758,451.2590169906616
140,978.7022566795349,9687.02256679535,58.536585365853654,1210.7728719711304,968.7022566795349
141,1267.1956515312195,12571.956515312195,65.85365853658537,911.0031127929688,1257.1956515312195
142,3660.1182913780212,36501.18291378021,65.85365853658537,253.997802734375,3650.1182913780212
143,1474.5216464996338,14645.216464996338,58.536585365853654,1662.0413064956665,1464.5216464996338
144,1782.7594375610352,17727.59437561035,58.536585365853654,695.8004236221313,1772.7594375610352
145,2576.660523414612,25666.605234146118,70.73170731707317,421.81968688964844,2566.660523414612
146,787.271568775177,7772.71568775177,63.41463414634146,1019.2375183105469,777.271568775177
147,-136.53939008712769,-1465.3939008712769,60.97560975609756,886.9129419326782,-146.53939008712769
148,-172.72793292999268,-1827.2793292999268,58.536585365853654,1459.5718383789062,-182.72793292999268
149,2001.2181496620178,19912.18149662018,60.97560975609756,1163.244128227234,1991.2181496620178
150,828.7130093574524,8187.130093574524,56.09756097560976,1358.0596446990967,818.7130093574524
151,-168.73746156692505,-1787.3746156692505,51.21951219512195,1295.4642176628113,-178.73746156692505
152,2016.0381293296814,20060.381293296814,68.29268292682927,692.0013427734375,2006.0381293296814
153,2308.75648021698,22987.5648021698,68.29268292682927,692.0013427734375,2298.75648021698
154,2836.4540433883667,28264.540433883667,73.17073170731707,467.8086042404175,2826.4540433883667
155,1220.135817527771,12101.35817527771,70.73170731707317,907.9020023345947,1210.135817527771
156,1058.4731197357178,10484.731197357178,56.09756097560976,988.964319229126,1048.4731197357178
157,1840.18159866333,18301.8159866333,70.73170731707317,632.7102184295654,1830.18159866333
158,991.7580580711365,9817.580580711365,63.41463414634146,832.304835319519,981.7580580711365
159,3869.0604066848755,38590.604066848755,63.41463414634146,1057.6883554458618,3859.0604066848755
160,-1908.7333583831787,-19187.333583831787,51.21951219512195,3395.4477310180664,-1918.7333583831787
161,-34.12996768951416,-441.2996768951416,43.90243902439025,1304.4298887252808,-44.12996768951416
162,1564.3406009674072,15543.406009674072,70.73170731707317,474.5534658432007,1554.3406009674072
163,1787.1372199058533,17771.372199058533,58.536585365853654,692.0013427734375,1777.1372199058533
164,590.4271697998047,5804.271697998047,53.65853658536586,982.6368093490601,580.4271697998047
165,2425.951132774353,24159.51132774353,70.73170731707317,416.0003662109375,2415.951132774353
166,2071.7222785949707,20617.222785949707,63.41463414634146,699.8058557510376,2061.7222785949707
167,-85.21603584289545,-952.1603584289545,60.97560975609756,1366.13130569458,-95.21603584289545
168,2871.068367958069,28610.68367958069,65.85365853658537,1159.2198610305786,2861.068367958069
169,901.0994529724121,8910.994529724121,46.34146341463415,1400.302529335022,891.0994529724121
170,1226.9645428657532,12169.645428657532,56.09756097560976,1083.1612348556519,1216.9645428657532
171,1416.147062778473,14061.470627784729,60.97560975609756,884.0079307556152,1406.147062778473
172,1279.7523832321167,12697.523832321167,70.73170731707317,952.5042772293091,1269.7523832321167
173,-810.2949166297913,-8202.949166297913,58.536585365853654,2497.823715209961,-820.2949166297913
174,2480.4209566116333,24704.209566116333,68.29268292682927,692.0013427734375,2470.4209566116333
175,-533.0541038513184,-5430.541038513184,58.536585365853654,1246.5647459030151,-543.0541038513184
176,4935.49741268158,49254.974126815796,70.73170731707317,228.8188934326172,4925.49741268158
177,-886.7096209526062,-8967.096209526062,41.46341463414634,2346.6473817825317,-896.7096209526062
178,600.7906889915467,5907.906889915468,63.41463414634146,1183.1571459770203,590.7906889915467
179,1553.2937145233154,15432.937145233154,51.21951219512195,1024.1479277610779,1543.2937145233154
180,2317.977318763733,23079.77318763733,60.97560975609756,812.4972581863403,2307.977318763733
181,3512.542018890381,35025.42018890381,58.536585365853654,500.3662109375,3502.542018890381
182,1630.7700967788696,16207.700967788696,58.536585365853654,1503.3724308013916,1620.7700967788696
183,614.2301654815675,6042.301654815676,58.536585365853654,1986.3802194595337,604.2301654815675
184,1499.4170761108398,14894.170761108398,63.41463414634146,1005.1271915435791,1489.4170761108398
185,-2154.6507382392883,-21646.507382392883,46.34146341463415,2646.0885405540466,-2164.6507382392883
186,2321.808407306671,23118.08407306671,75.60975609756098,520.7275152206421,2311.808407306671
187,1141.784975528717,11317.84975528717,56.09756097560976,1085.558295249939,1131.784975528717
188,3792.3588848114014,37823.588848114014,70.73170731707317,1577.1178007125854,3782.3588848114014
189,-66.9851803779602,-769.851803779602,58.536585365853654,1730.9348583221436,-76.9851803779602
190,2520.6201171875,25106.201171875,70.73170731707317,451.8023729324341,2510.6201171875
191,1259.4690418243408,12494.690418243408,68.29268292682927,1034.9829196929932,1249.4690418243408
192,1081.6196298599243,10716.196298599243,63.41463414634146,1503.5624504089355,1071.6196298599243
193,745.575258731842,7355.75258731842,51.21951219512195,1265.4954195022583,735.575258731842
194,2631.889591217041,26218.89591217041,75.60975609756098,526.7449617385864,2621.889591217041
195,1392.0537328720093,13820.537328720093,70.73170731707317,1365.6511306762695,1382.0537328720093
196,2382.523784637451,23725.23784637451,65.85365853658537,260.07962226867676,2372.523784637451
197,677.3382520675659,6673.382520675659,60.97560975609756,929.6205043792725,667.3382520675659
198,-373.79544019699097,-3837.9544019699097,48.78048780487805,1763.2425427436829,-383.79544019699097
199,737.6967763900757,7276.967763900757,70.73170731707317,950.3294229507446,727.6967763900757
200,2082.802782058716,20728.02782058716,70.73170731707317,1156.5894484519958,2072.802782058716
201,3214.732060432434,32047.32060432434,65.85365853658537,692.0013427734375,3204.732060432434
202,2480.5587029457092,24705.587029457092,70.73170731707317,910.0148677825928,2470.5587029457092
203,864.6003103256226,8546.003103256226,65.85365853658537,631.0043334960938,854.6003103256226
204,1307.2400188446045,12972.400188446045,60.97560975609756,633.1056356430054,1297.2400188446045
205,1693.4295392036438,16834.295392036438,60.97560975609756,1059.2700242996216,1683.4295392036438
206,1539.851496219635,15298.51496219635,58.536585365853654,1574.7584700584412,1529.851496219635
207,2062.5863766670227,20525.863766670227,65.85365853658537,814.9003982543945,2052.5863766670227
208,1297.0717644691467,12870.717644691467,51.21951219512195,1058.9691996574402,1287.0717644691467
209,-75.9026312828064,-859.026312828064,51.21951219512195,1186.1472725868225,-85.9026312828064
210,189.11052703857422,1791.1052703857422,60.97560975609756,1107.7185273170471,179.11052703857422
211,330.7674026489258,3207.674026489258,56.09756097560976,1241.1346435546875,320.7674026489258
212,-701.4958167076111,-7114.958167076111,51.21951219512195,1635.5386972427368,-711.4958167076111
213,-594.0737628936768,-6040.737628936768,63.41463414634146,2343.315005302429,-604.0737628936768
214,2333.0603337287903,23230.603337287903,63.41463414634146,692.0013427734375,2323.0603337287903
215,4086.4055252075195,40764.055252075195,60.97560975609756,824.6482610702515,4076.4055252075195
216,6110.669503211975,61006.69503211975,78.04878048780488,341.20357036590576,6100.669503211975
217,2377.590069770813,23675.90069770813,68.29268292682927,599.8784303665161,2367.590069770813
218,-1621.6783428192139,-16316.783428192139,58.536585365853654,1920.4158782958984,-1631.6783428192139
219,6974.742660522461,69647.42660522461,73.17073170731707,115.997314453125,6964.742660522461
220,4662.46844291687,46524.6844291687,70.73170731707317,436.684250831604,4652.46844291687
221,974.739739894867,9647.39739894867,65.85365853658537,948.4810829162598,964.739739894867
222,2566.7994117736816,25567.994117736816,58.536585365853654,1107.7547073364258,2556.7994117736816
223,73.04734945297241,630.4734945297241,63.41463414634146,1613.3092045783997,63.04734945297241
224,492.47230052948,4824.7230052948,48.78048780487805,974.0066528320312,482.47230052948
225,-3273.2165360450745,-32832.165360450745,48.78048780487805,3365.359306335449,-3283.2165360450745
226,-686.8755722045898,-6968.755722045898,46.34146341463415,1405.8825373649597,-696.8755722045898
227,1304.2181825637817,12942.181825637817,65.85365853658537,1630.4334998130798,1294.2181825637817
228,-83.25653314590454,-932.5653314590454,58.536585365853654,1646.8772888183594,-93.25653314590454
229,1268.778691291809,12587.78691291809,70.73170731707317,1463.5496139526367,1258.778691291809
230,739.6954393386841,7296.954393386841,63.41463414634146,891.7198181152344,729.6954393386841
231,2414.6072959899902,24046.072959899902,58.536585365853654,993.716835975647,2404.6072959899902
232,5733.307192325592,57233.07192325592,87.8048780487805,196.99859619140622,5723.307192325592
233,2917.4378609657288,29074.378609657288,60.97560975609756,949.4935274124146,2907.4378609657288
234,3195.8757734298706,31858.757734298706,65.85365853658537,893.6669230461121,3185.8757734298706
235,815.9267401695251,8059.2674016952515,60.97560975609756,1028.2617211341858,805.9267401695251
236,-377.5015377998352,-3875.015377998352,60.97560975609756,751.8888711929321,-387.5015377998352
237,1513.5634636878967,15035.634636878967,73.17073170731707,900.7391929626465,1503.5634636878967
238,2640.9198141098022,26309.198141098022,70.73170731707317,693.0741667747498,2630.9198141098022
239,831.713387966156,8217.13387966156,58.536585365853654,1334.3358039855957,821.713387966156
240,2286.9088745117188,22769.088745117188,65.85365853658537,692.0013427734375,2276.9088745117188
241,1530.6032991409302,15206.032991409302,63.41463414634146,1036.8175506591797,1520.6032991409302
242,28.368244171142578,183.68244171142578,65.85365853658537,1491.6259050369263,18.368244171142578
243,3613.5854816436768,36035.85481643677,58.536585365853654,491.58644676208496,3603.5854816436768
244,918.7017774581909,9087.01777458191,60.97560975609756,1963.6907577514648,908.7017774581909
245,4049.251208305359,40392.51208305359,58.536585365853654,912.1133089065552,4039.251208305359
246,-424.0581893920898,-4340.5818939208975,51.21951219512195,1440.6602382659912,-434.0581893920898
247,1508.6959099769592,14986.959099769592,68.29268292682927,491.1488890647888,1498.6959099769592
248,2267.6992511749268,22576.992511749268,70.73170731707317,692.0013427734375,2257.6992511749268
249,2648.087809085846,26380.87809085846,53.65853658536586,531.9976806640625,2638.087809085846
250,-12.462785243988037,-224.62785243988037,65.85365853658537,915.5608415603638,-22.462785243988037
251,532.9015946388245,5229.015946388245,58.536585365853654,867.8857088088989,522.9015946388245
252,2910.2564549446106,29002.564549446106,65.85365853658537,500.0891089439392,2900.2564549446106
253,3844.19132232666,38341.9132232666,60.97560975609756,258.49640369415283,3834.19132232666
254,3890.185544490814,38801.85544490814,78.04878048780488,945.9991455078125,3880.185544490814
255,1689.3792843818665,16793.792843818665,56.09756097560976,832.872748374939,1679.3792843818665
256,1681.508014202118,16715.08014202118,51.21951219512195,1116.8467998504639,1671.508014202118
257,2821.6199374198914,28116.199374198914,65.85365853658537,527.9998779296875,2811.6199374198914
258,2001.5755987167358,19915.75598716736,60.97560975609756,719.5086479187012,1991.5755987167358
259,318.1511259078982,3081.5112590789818,43.90243902439025,1525.8827805519104,308.1511259078982
260,492.1149706840515,4821.149706840515,65.85365853658537,693.7072277069092,482.1149706840515
261,-559.689631462097,-5696.89631462097,58.536585365853654,1816.8053030967712,-569.689631462097
262,2679.5597767829895,26695.597767829895,60.97560975609756,1484.2089414596558,2669.5597767829895
263,3060.612449645996,30506.12449645996,70.73170731707317,974.0066528320312,3050.612449645996
264,-214.94566440582275,-2249.4566440582275,56.09756097560976,1881.8986415863037,-224.94566440582275
265,568.0036044120789,5580.036044120789,63.41463414634146,1301.991581916809,558.0036044120789
266,-1914.2141842842102,-19242.141842842102,51.21951219512195,1926.9406199455261,-1924.2141842842102
267,-407.5530672073364,-4175.530672073364,58.536585365853654,1225.8062362670898,-417.5530672073364
268,1025.2522921562195,10152.522921562195,60.97560975609756,1279.9900770187378,1015.2522921562195
269,821.1621141433716,8111.621141433716,63.41463414634146,1266.6857242584229,811.1621141433716
270,-488.68452548980713,-4986.845254898071,65.85365853658537,1896.2502479553223,-498.68452548980713
271,-1485.9445595741272,-14959.445595741272,51.21951219512195,2498.4262585639954,-1495.9445595741272
272,608.0411171913147,5980.411171913147,58.536585365853654,537.9350781440735,598.0411171913147
273,2610.763499736786,26007.63499736786,53.65853658536586,621.9391822814941,2600.763499736786
274,2741.4502596855164,27314.502596855164,68.29268292682927,558.5986375808716,2731.4502596855164
275,2208.440670967102,21984.40670967102,60.97560975609756,1046.1246371269226,2198.440670967102
276,3763.686785697937,37536.86785697937,60.97560975609756,809.3202114105225,3753.686785697937
277,475.1818871498108,4651.818871498108,63.41463414634146,881.486177444458,465.1818871498108
278,3431.0221767425537,34210.22176742554,65.85365853658537,752.5498867034912,3421.0221767425537
279,1092.0674896240234,10820.674896240234,70.73170731707317,1124.5932579040527,1082.0674896240234
280,695.1629614830017,6851.629614830017,51.21951219512195,1567.30318069458,685.1629614830017
281,3975.1971459388733,39651.97145938873,73.17073170731707,284.51788425445557,3965.1971459388733
282,2202.8170919418335,21928.170919418335,68.29268292682927,631.0043334960938,2192.8170919418335
283,3778.1915760040283,37681.91576004028,65.85365853658537,390.53452014923096,3768.1915760040283
284,4085.540244579315,40755.40244579315,58.536585365853654,898.9178538322449,4075.540244579315
285,866.0689687728882,8560.689687728882,75.60975609756098,959.0860605239868,856.0689687728882
286,-718.4965515136719,-7284.965515136719,56.09756097560976,1509.8408460617065,-728.4965515136719
287,1433.8669872283936,14238.669872283936,63.41463414634146,1100.9893417358398,1423.8669872283936
288,563.3503293991089,5533.503293991089,63.41463414634146,2507.822811603546,553.3503293991089
289,1483.6198782920837,14736.198782920837,53.65853658536586,1099.871039390564,1473.6198782920837
290,1382.4165558815002,13724.165558815002,56.09756097560976,1208.6199522018433,1372.4165558815002
291,-1159.0208911895752,-11690.208911895752,48.78048780487805,1590.5457735061646,-1169.0208911895752
292,2335.9188532829285,23259.188532829285,65.85365853658537,634.4987154006958,2325.9188532829285
293,574.9072527885437,5649.072527885437,63.41463414634146,1239.3330335617065,564.9072527885437
294,-332.77844429016113,-3427.7844429016113,51.21951219512195,1408.0385565757751,-342.77844429016113
295,3302.9946780204773,32929.94678020477,63.41463414634146,862.1358871459961,3292.9946780204773
296,1195.1909160614014,11851.909160614014,53.65853658536586,898.6314535140991,1185.1909160614014
297,-1329.3431305885315,-13393.431305885315,43.90243902439025,1901.6978740692139,-1339.3431305885315
298,2235.068747997284,22250.68747997284,65.85365853658537,792.5126552581787,2225.068747997284
299,1486.478934288025,14764.789342880249,63.41463414634146,701.8184661865234,1476.478934288025
300,2036.3289213180542,20263.289213180542,58.536585365853654,695.4957246780396,2026.3289213180542
301,514.1508674621583,5041.508674621584,56.09756097560976,444.6885585784912,504.1508674621583
302,-621.3043236732482,-6313.043236732481,48.78048780487805,792.3887372016907,-631.3043236732482
303,2348.074803352356,23380.74803352356,70.73170731707317,1530.6273698806763,2338.074803352356
304,2569.9390268325806,25599.390268325806,56.09756097560976,523.8426923751831,2559.9390268325806
305,2412.2492170333862,24022.492170333862,68.29268292682927,418.0889129638672,2402.2492170333862
306,859.413812160492,8494.13812160492,68.29268292682927,1497.8489875793457,849.413812160492
307,608.8762378692627,5988.762378692627,53.65853658536586,1691.3443803787231,598.8762378692627
308,587.8857469558716,5778.857469558716,63.41463414634146,703.8503885269165,577.8857469558716
309,3828.5811638832092,38185.81163883209,68.29268292682927,418.959379196167,3818.5811638832092
310,1899.0714049339294,18890.714049339294,60.97560975609756,923.2723712921143,1889.0714049339294
311,611.3267636299133,6013.267636299133,58.536585365853654,740.1654124259949,601.3267636299133
312,3045.2667570114136,30352.667570114136,68.29268292682927,694.5139169692993,3035.2667570114136
313,3135.0738501548767,31250.738501548767,60.97560975609756,708.4627151489258,3125.0738501548767
314,29.14680004119873,191.4680004119873,60.97560975609756,2355.080723762512,19.14680004119873
315,-244.38785552978516,-2543.8785552978516,58.536585365853654,929.8549294471741,-254.38785552978516
316,468.25761556625366,4582.576155662537,56.09756097560976,692.0013427734375,458.25761556625366
317,2154.556760787964,21445.56760787964,63.41463414634146,555.4236173629761,2144.556760787964
318,-198.32949876785278,-2083.294987678528,58.536585365853654,1438.7258887290955,-208.32949876785278
319,708.4809637069702,6984.809637069702,68.29268292682927,1016.7938470840454,698.4809637069702
320,-353.3425831794739,-3633.4258317947388,51.21951219512195,2037.533462047577,-363.3425831794739
321,470.90370416641235,4609.0370416641235,75.60975609756098,974.0066528320312,460.90370416641235
322,1377.9031133651733,13679.031133651733,56.09756097560976,1120.3314065933228,1367.9031133651733
323,2740.738401412964,27307.38401412964,68.29268292682927,672.8838682174683,2730.738401412964
324,-735.5922365188599,-7455.922365188599,53.65853658536586,1246.4265823364258,-745.5922365188599
325,1462.4192214012146,14524.192214012146,63.41463414634146,1316.2550926208496,1452.4192214012146
326,333.40133190155035,3234.013319015504,63.41463414634146,1440.2167797088623,323.40133190155035
327,326.5121078491211,3165.121078491211,51.21951219512195,1053.224802017212,316.5121078491211
328,2436.885962486267,24268.85962486267,63.41463414634146,509.52696800231934,2426.885962486267
329,2249.9938106536865,22399.938106536865,73.17073170731707,829.6924829483032,2239.9938106536865
330,1432.9733347892761,14229.733347892761,63.41463414634146,1160.8818769454956,1422.9733347892761
331,2359.6055006980896,23496.055006980896,58.536585365853654,1239.9230599403381,2349.6055006980896
332,406.5637087821961,3965.6370878219614,65.85365853658537,1083.4733247756958,396.5637087821961
333,379.6332573890686,3696.332573890686,53.65853658536586,1426.7567992210388,369.6332573890686
334,1125.584373474121,11155.843734741211,68.29268292682927,413.6676788330078,1115.584373474121
335,3301.4164066314697,32914.1640663147,75.60975609756098,928.3956289291382,3291.4164066314697
336,570.788929462433,5607.88929462433,56.09756097560976,693.7693357467651,560.788929462433
337,882.6596236228944,8726.596236228945,53.65853658536586,1197.938323020935,872.6596236228944
338,1947.5607371330261,19375.60737133026,63.41463414634146,433.2674741744995,1937.5607371330261
339,1316.1972260475159,13061.972260475159,65.85365853658537,1191.609263420105,1306.1972260475159
340,506.31428718566906,4963.142871856691,58.536585365853654,692.0013427734375,496.31428718566906
341,-820.3214311599731,-8303.214311599731,46.34146341463415,1207.8009247779846,-830.3214311599731
342,2548.8402938842773,25388.402938842773,65.85365853658537,419.6099042892456,2538.8402938842773
343,1739.6819686889648,17296.81968688965,68.29268292682927,955.9353590011597,1729.6819686889648
344,954.7383880615234,9447.383880615234,43.90243902439025,585.5458378791809,944.7383880615234
345,985.8102893829346,9758.102893829346,51.21951219512195,529.0727019309998,975.8102893829346
346,1721.7515802383423,17117.515802383423,70.73170731707317,650.0430107116699,1711.7515802383423
347,1203.6737298965454,11936.737298965454,60.97560975609756,2413.9111042022705,1193.6737298965454
348,-2353.681375980377,-23636.813759803772,43.90243902439025,2467.246949672699,-2363.681375980377
349,-1315.0893354415891,-13250.89335441589,48.78048780487805,2383.251368999481,-1325.0893354415891
350,-1108.8094019889832,-11188.094019889832,58.536585365853654,2314.158618450165,-1118.8094019889832
351,1183.592984676361,11735.92984676361,58.536585365853654,911.0031127929688,1173.592984676361
352,530.4363465309143,5204.363465309143,60.97560975609756,1579.6332955360413,520.4363465309143
353,2133.1704354286194,21231.704354286194,68.29268292682927,692.0013427734375,2123.1704354286194
354,984.5706915855408,9745.706915855408,53.65853658536586,1147.6013660430908,974.5706915855408
355,646.0988020896912,6360.988020896912,58.536585365853654,956.8687081336975,636.0988020896912
356,-167.3489117622375,-1773.4891176223748,63.41463414634146,1825.1656293869019,-177.3489117622375
357,-1461.990942955017,-14719.90942955017,51.21951219512195,1276.88467502594,-1471.990942955017
358,-1387.4382877349854,-13974.382877349854,53.65853658536586,2012.586236000061,-1397.4382877349854
359,2954.1636204719543,29441.636204719543,68.29268292682927,1314.341127872467,2944.1636204719543
360,917.9310297966003,9079.310297966003,60.97560975609756,1388.5343670845032,907.9310297966003
361,1566.0380816459656,15560.380816459656,51.21951219512195,719.5154428482056,1556.0380816459656
362,514.8563480377197,5048.563480377197,53.65853658536586,1387.6891136169434,504.8563480377197
363,2007.2684979438782,19972.68497943878,60.97560975609756,907.6599478721619,1997.2684979438782
364,2588.561246395111,25785.61246395111,56.09756097560976,480.63570261001587,2578.561246395111
365,330.96403837203985,3209.640383720399,53.65853658536586,1116.4207458496094,320.96403837203985
366,4244.299421310425,42342.99421310425,65.85365853658537,923.9959716796875,4234.299421310425
367,1451.0942792892456,14410.942792892456,65.85365853658537,827.499508857727,1441.0942792892456
368,757.0710873603821,7470.710873603821,56.09756097560976,721.6082811355591,747.0710873603821
369,2957.9870796203613,29479.870796203613,70.73170731707317,629.3692588806152,2947.9870796203613
370,196.66535615921026,1866.6535615921027,53.65853658536586,943.4841275215149,186.66535615921026
371,462.0080089569093,4520.080089569094,73.17073170731707,603.7408113479614,452.0080089569093
372,317.7782988548279,3077.782988548279,56.09756097560976,708.0078125,307.7782988548279
373,2182.500491142273,21725.00491142273,51.21951219512195,681.2677383422852,2172.500491142273
374,603.2136178016664,5932.136178016664,58.536585365853654,1773.5552191734314,593.2136178016664
375,823.105881214142,8131.05881214142,58.536585365853654,1009.4958543777466,813.105881214142
376,2193.063805103302,21830.63805103302,65.85365853658537,692.0013427734375,2183.063805103302
377,2157.1261382102966,21471.261382102966,53.65853658536586,692.0013427734375,2147.1261382102966
378,837.2116184234619,8272.11618423462,60.97560975609756,1074.816346168518,827.2116184234619
379,141.1476230621338,1311.476230621338,51.21951219512195,1223.9990234375,131.1476230621338
380,-312.21412658691406,-3222.1412658691406,48.78048780487805,1139.5350694656372,-322.21412658691406
381,251.27346277236938,2412.734627723694,46.34146341463415,1397.5498676300049,241.27346277236938
382,3286.1359214782715,32761.359214782715,60.97560975609756,198.0714201927185,3276.1359214782715
383,1629.9507117271423,16199.507117271423,63.41463414634146,346.68028354644775,1619.9507117271423
384,1299.5600199699402,12895.600199699402,60.97560975609756,692.0013427734375,1289.5600199699402
385,3366.2546968460083,33562.54696846008,73.17073170731707,471.2427854537964,3356.2546968460083
386,3979.0701365470886,39690.701365470886,68.29268292682927,315.62119722366333,3969.0701365470886
387,-25.438060760498047,-354.38060760498047,56.09756097560976,1501.8960237503052,-35.43806076049805
388,-1342.8770804405212,-13528.770804405212,56.09756097560976,2487.2103333473206,-1352.8770804405212
389,-902.5624895095825,-9125.624895095825,53.65853658536586,1390.5450105667114,-912.5624895095825
390,481.73190116882324,4717.319011688232,58.536585365853654,1372.4089860916138,471.73190116882324
391,243.6522340774536,2336.522340774536,53.65853658536586,1071.5106129646301,233.6522340774536
392,617.5468063354492,6075.468063354492,60.97560975609756,972.2669124603271,607.5468063354492
393,-1294.4027090072632,-13044.027090072632,51.21951219512195,1781.5768122673035,-1304.4027090072632
394,3539.5401215553284,35295.401215553284,60.97560975609756,286.5039110183716,3529.5401215553284
395,1516.1443448066711,15061.443448066711,63.41463414634146,1908.0679416656494,1506.1443448066711
396,2702.1945810317993,26921.945810317993,60.97560975609756,421.81968688964844,2692.1945810317993
397,1064.1663765907288,10541.663765907288,60.97560975609756,754.4938325881958,1054.1663765907288
398,-14.178385734558105,-241.78385734558105,58.536585365853654,826.0869979858398,-24.178385734558105
399,297.2714996337891,2872.7149963378915,51.21951219512195,1104.180932044983,287.2714996337891
400,2873.4055256843567,28634.055256843567,60.97560975609756,731.6979765892029,2863.4055256843567
401,39.5177698135376,295.177698135376,53.65853658536586,2008.568286895752,29.517769813537598
402,846.1531496047974,8361.531496047974,60.97560975609756,895.6483602523804,836.1531496047974
403,429.51656341552734,4195.165634155273,58.536585365853654,866.1782741546631,419.51656341552734
404,1860.067377090454,18500.67377090454,58.536585365853654,606.5559387207031,1850.067377090454
405,5353.977212905884,53439.77212905884,70.73170731707317,219.00177001953125,5343.977212905884
406,3582.660446166992,35726.60446166992,53.65853658536586,635.5029344558716,3572.660446166992
407,1945.8665943145752,19358.665943145752,58.536585365853654,986.6754412651062,1935.8665943145752
408,1400.656292438507,13906.56292438507,65.85365853658537,975.0957489013672,1390.656292438507
409,2864.835093021393,28548.35093021393,75.60975609756098,480.1208972930908,2854.835093021393
410,2203.7314867973328,21937.314867973328,63.41463414634146,893.2346105575562,2193.7314867973328
411,1836.2958526611328,18262.958526611328,60.97560975609756,1257.7178478240967,1826.2958526611328
412,1347.0216488838196,13370.216488838196,63.41463414634146,830.1092386245728,1337.0216488838196
413,-1773.844232559204,-17838.44232559204,65.85365853658537,1564.8424625396729,-1783.844232559204
414,3476.4538502693176,34664.538502693176,63.41463414634146,412.0025634765625,3466.4538502693176
415,1345.0531458854675,13350.531458854675,51.21951219512195,1063.8498067855835,1335.0531458854675
416,1778.9207792282104,17689.207792282104,68.29268292682927,1212.1319770812988,1768.9207792282104
417,915.0617218017578,9050.617218017578,56.09756097560976,913.6648178100586,905.0617218017578
418,-284.5196032524109,-2945.196032524109,46.34146341463415,1856.5217852592468,-294.5196032524109
419,2582.9715824127197,25729.715824127197,65.85365853658537,404.7403335571289,2572.9715824127197
420,262.80112028121954,2528.0112028121957,58.536585365853654,1183.8489770889282,252.80112028121954
421,1153.7968611717224,11437.968611717224,58.536585365853654,902.6829600334167,1143.7968611717224
422,4200.863609313965,41908.63609313965,60.97560975609756,412.861704826355,4190.863609313965
423,331.2324380874634,3212.324380874634,65.85365853658537,794.8700189590454,321.2324380874634
424,1415.7389497756958,14057.389497756958,53.65853658536586,1427.178144454956,1405.7389497756958
425,2182.2792387008667,21722.792387008667,68.29268292682927,412.0025634765625,2172.2792387008667
426,3310.3472089767456,33003.472089767456,68.29268292682927,528.1189680099487,3300.3472089767456
427,1850.565323829651,18405.653238296512,70.73170731707317,889.2526626586914,1840.565323829651
428,811.906168460846,8019.0616846084595,58.536585365853654,767.5370573997498,801.906168460846
429,2662.7920365333557,26527.920365333557,63.41463414634146,788.769006729126,2652.7920365333557
430,-106.78051948547363,-1167.8051948547363,48.78048780487805,1698.994517326355,-116.78051948547363
431,-102.42252588272089,-1124.225258827209,60.97560975609756,1407.7950716018677,-112.42252588272089
432,687.5251626968384,6775.251626968384,56.09756097560976,382.3394179344177,677.5251626968384
433,4241.8713665008545,42318.713665008545,68.29268292682927,692.0013427734375,4231.8713665008545
434,4035.118350982666,40251.18350982666,68.29268292682927,695.4957246780396,4025.118350982666
435,928.7529683113098,9187.529683113098,60.97560975609756,1300.5104064941406,918.7529683113098
436,709.8490691184998,6998.490691184998,60.97560975609756,2115.139067173004,699.8490691184998
437,1076.347897052765,10663.478970527649,60.97560975609756,824.8642683029175,1066.347897052765
438,206.6884732246399,1966.884732246399,53.65853658536586,1180.0302267074585,196.6884732246399
439,-147.0700407028197,-1570.700407028197,46.34146341463415,1205.9006690979004,-157.0700407028197
440,1619.8281145095825,16098.281145095825,65.85365853658537,547.3607778549194,1609.8281145095825
441,1936.0015487670898,19260.0154876709,68.29268292682927,981.0546636581421,1926.0015487670898
442,2318.862805366516,23088.62805366516,63.41463414634146,825.5213499069214,2308.862805366516
443,-1768.4160375595093,-17784.160375595093,53.65853658536586,3361.6127967834473,-1778.4160375595093
444,1376.6608333587646,13666.608333587646,53.65853658536586,1012.0879411697388,1366.6608333587646
445,-444.5023441314697,-4545.023441314697,56.09756097560976,2123.4517097473145,-454.5023441314697
446,7.013390064239502,-29.86609935760498,46.34146341463415,2255.7852268218994,-2.986609935760498
447,2406.250069141388,23962.50069141388,70.73170731707317,695.5867409706116,2396.250069141388
448,955.7730650901794,9457.730650901794,53.65853658536586,545.680582523346,945.7730650901794
449,22.231647968292236,122.31647968292236,46.34146341463415,1925.299048423767,12.231647968292236
450,3203.000614643097,31930.00614643097,63.41463414634146,864.6491765975952,3193.000614643097
451,154.14608478546143,1441.4608478546143,70.73170731707317,1194.3169832229614,144.14608478546143
452,1544.6784591674805,15346.784591674805,60.97560975609756,1520.7704305648804,1534.6784591674805
453,981.5626835823059,9715.626835823059,51.21951219512195,692.0013427734375,971.5626835823059
454,1095.800170898438,10858.001708984379,58.536585365853654,822.6710557937621,1085.800170898438
455,2447.4929070472717,24374.929070472717,63.41463414634146,461.02362871170044,2437.4929070472717
456,1511.5129446983337,15015.129446983337,65.85365853658537,1143.4658765792847,1501.5129446983337
457,5204.979012012482,51949.79012012482,70.73170731707317,696.4999437332153,5194.979012012482
458,5903.5481905937195,58935.481905937195,78.04878048780488,282.8112840652466,5893.5481905937195
459,771.0775828361511,7610.775828361511,73.17073170731707,1711.2115621566772,761.0775828361511
460,2649.2449140548706,26392.449140548706,65.85365853658537,694.0078735351562,2639.2449140548706
461,2657.948384284973,26479.48384284973,53.65853658536586,1034.4703197479248,2647.948384284973
462,1712.2312879562378,17022.312879562378,73.17073170731707,1104.00390625,1702.2312879562378
463,1491.2363982200623,14812.363982200623,53.65853658536586,935.0757002830505,1481.2363982200623
464,903.6493396759033,8936.493396759033,63.41463414634146,631.0043334960938,893.6493396759033
465,-421.0062527656555,-4310.062527656555,58.536585365853654,1486.28830909729,-431.0062527656555
466,3799.6795868873596,37896.795868873596,65.85365853658537,233.64484310150146,3789.6795868873596
467,-115.26613473892212,-1252.6613473892212,60.97560975609756,1171.9573736190796,-125.26613473892212
468,3210.6859183311462,32006.859183311462,65.85365853658537,1172.5788712501526,3200.6859183311462
469,217.27235078811646,2072.7235078811646,60.97560975609756,1998.400866985321,207.27235078811646
470,1498.0173206329346,14880.173206329346,56.09756097560976,1310.4280829429626,1488.0173206329346
471,2485.967764854431,24759.67764854431,60.97560975609756,945.9991455078125,2475.967764854431
472,2055.647084712982,20456.47084712982,65.85365853658537,1028.0503034591675,2045.6470847129822
473,-564.6437907218933,-5746.437907218933,43.90243902439025,984.6895933151245,-574.6437907218933
474,957.7360248565674,9477.360248565674,68.29268292682927,759.361743927002,947.7360248565674
475,1248.5754585266113,12385.754585266113,56.09756097560976,679.7728538513184,1238.5754585266113
476,3706.700096130371,36967.00096130371,53.65853658536586,412.0025634765625,3696.700096130371
477,1079.1962242126465,10691.962242126465,63.41463414634146,885.8988285064697,1069.1962242126465
478,2120.1232767105103,21101.232767105103,53.65853658536586,1107.498288154602,2110.1232767105103
479,407.32134342193604,3973.2134342193604,60.97560975609756,2016.4144039154053,397.32134342193604
480,2076.072106361389,20660.72106361389,70.73170731707317,702.4170160293579,2066.072106361389
481,-1019.6100378036499,-10296.100378036499,68.29268292682927,2406.4619541168213,-1029.61003780365
482,2736.748466491699,27267.484664916992,58.536585365853654,1245.02694606781,2726.748466491699
483,1067.8032732009888,10578.032732009888,63.41463414634146,945.1851844787598,1057.8032732009888
484,2216.2259912490845,22062.259912490845,56.09756097560976,962.2061252593994,2206.2259912490845
485,1008.9101886749268,9989.101886749268,73.17073170731707,1087.9876613616943,998.9101886749268
486,244.51536893844604,2345.1536893844604,65.85365853658537,1388.5854482650757,234.51536893844604
487,683.807680606842,6738.07680606842,56.09756097560976,1461.2454175949097,673.807680606842
488,-2070.027461051941,-20800.27461051941,43.90243902439025,2458.848476409912,-2080.027461051941
489,13.305673599243164,33.05673599243164,58.536585365853654,1049.8353242874146,3.305673599243164
490,677.9344773292542,6679.3447732925415,58.536585365853654,911.8622541427612,667.9344773292542
491,1758.8665580749512,17488.66558074951,63.41463414634146,521.9049453735352,1748.8665580749512
492,857.0538854598999,8470.538854598999,58.536585365853654,1528.8156270980835,847.0538854598999
493,2394.451389312744,23844.51389312744,63.41463414634146,703.6330699920654,2384.451389312744
494,-558.4009194374084,-5684.0091943740845,53.65853658536586,1372.00927734375,-568.4009194374084
495,2491.2483191490173,24812.483191490173,73.17073170731707,692.0013427734375,2481.2483191490173
496,2142.112741470337,21321.12741470337,58.536585365853654,922.6348400115967,2132.112741470337
497,454.87130641937256,4448.713064193726,43.90243902439025,950.3984451293945,444.87130641937256
498,2363.2089591026306,23532.089591026306,58.536585365853654,686.0804557800293,2353.2089591026306
499,1620.3445887565613,16103.445887565613,65.85365853658537,1024.6648788452148,1610.3445887565613
500,1963.7999033927917,19537.999033927917,70.73170731707317,797.0514893531799,1953.7999033927917
501,2688.130626678467,26781.306266784668,65.85365853658537,609.7440719604492,2678.130626678467
502,3200.898537635803,31908.985376358032,60.97560975609756,1220.001220703125,3190.898537635803
503,-194.4932246208191,-2044.932246208191,63.41463414634146,2006.5073370933533,-204.4932246208191
504,895.594129562378,8855.941295623781,56.09756097560976,1390.3710842132568,885.594129562378
505,1816.2937259674072,18062.937259674072,68.29268292682927,848.2080698013306,1806.2937259674072
506,2738.331506252289,27283.31506252289,63.41463414634146,259.3006491661072,2728.331506252289
507,1597.7994298934937,15877.994298934937,63.41463414634146,562.01171875,1587.7994298934937
508,2545.441756248474,25354.41756248474,65.85365853658537,613.903284072876,2535.441756248474
509,676.4329767227173,6664.329767227173,51.21951219512195,698.299765586853,666.4329767227173
510,-1060.0805187225342,-10700.805187225342,46.34146341463415,1147.8271484375,-1070.0805187225342
511,398.2504105567932,3882.504105567932,60.97560975609756,734.5810532569885,388.2504105567932
512,24.304816722869873,143.04816722869873,53.65853658536586,1265.1581168174744,14.304816722869873
513,2242.529878616333,22325.29878616333,60.97560975609756,671.3220477104187,2232.529878616333
514,1573.9971494674683,15639.971494674683,56.09756097560976,412.861704826355,1563.9971494674683
515,895.1875066757203,8851.875066757204,48.78048780487805,739.3141984939575,885.1875066757203
516,495.93562841415405,4859.3562841415405,58.536585365853654,988.8100624084473,485.93562841415405
517,631.8168139457703,6218.168139457703,51.21951219512195,1482.289433479309,621.8168139457703
518,4422.360668182373,44123.60668182373,78.04878048780488,282.00531005859375,4412.360668182373
519,1891.0840249061584,18810.840249061584,56.09756097560976,1237.526297569275,1881.0840249061584
520,1985.3616452217102,19753.616452217102,70.73170731707317,888.8949155807495,1975.3616452217102
521,2330.809483528137,23208.094835281372,68.29268292682927,715.6394720077515,2320.809483528137
522,3837.1734714508057,38271.73471450806,73.17073170731707,694.5139169692993,3827.1734714508057
523,3564.819941520691,35548.19941520691,65.85365853658537,510.13243198394775,3554.819941520691
524,-200.66832542419422,-2106.6832542419424,51.21951219512195,1679.8427104949951,-210.66832542419422
525,857.2105264663696,8472.105264663696,60.97560975609756,692.0013427734375,847.2105264663696
526,1949.188539981842,19391.88539981842,53.65853658536586,1055.6210279464722,1939.188539981842
527,136.15978717803955,1261.5978717803955,56.09756097560976,981.7063808441162,126.15978717803955
528,2669.7549319267273,26597.549319267273,75.60975609756098,861.992359161377,2659.7549319267273
529,2792.269597053528,27822.69597053528,58.536585365853654,1819.2668557167053,2782.269597053528
530,297.9185676574708,2879.185676574708,65.85365853658537,1135.3522539138794,287.9185676574708
531,-137.20630645751953,-1472.0630645751953,58.536585365853654,1034.9674224853516,-147.20630645751953
532,1624.3451929092407,16143.451929092407,63.41463414634146,644.0603733062744,1614.3451929092407
533,3566.6179156303406,35566.179156303406,65.85365853658537,917.4449443817139,3556.6179156303406
534,-7.179965972900391,-171.7996597290039,46.34146341463415,658.0610275268555,-17.17996597290039
535,1534.5994925498962,15245.994925498962,65.85365853658537,847.7362990379333,1524.5994925498962
536,3481.094071865082,34710.94071865082,70.73170731707317,429.8146963119507,3471.094071865082
537,1122.5636100769043,11125.636100769043,63.41463414634146,2144.4411277770996,1112.5636100769043
538,2611.1149287223816,26011.149287223816,63.41463414634146,422.3794937133789,2601.1149287223816
539,2022.161910533905,20121.61910533905,63.41463414634146,827.8307914733887,2012.161910533905
540,3931.1639165878296,39211.639165878296,70.73170731707317,339.4976854324341,3921.1639165878296
541,2395.4406476020813,23854.406476020813,65.85365853658537,509.7014904022217,2385.4406476020813
542,3125.3208017349243,31153.208017349243,63.41463414634146,692.0013427734375,3115.3208017349243
543,2904.4600224494934,28944.600224494934,68.29268292682927,666.0003662109375,2894.4600224494934
544,2875.0280237197876,28650.280237197876,65.85365853658537,691.2491321563721,2865.0280237197876
545,417.5250029563904,4075.250029563904,56.09756097560976,810.9597563743591,407.5250029563904
546,-2427.124490737915,-24371.24490737915,51.21951219512195,2442.9227113723755,-2437.124490737915
547,3322.479853630066,33124.79853630066,70.73170731707317,695.4637765884399,3312.479853630066
548,1791.2760472297668,17812.76047229767,56.09756097560976,897.225022315979,1781.2760472297668
549,3829.286108016968,38192.86108016968,60.97560975609756,412.0025634765625,3819.286108016968
550,2428.2112216949463,24182.112216949463,53.65853658536586,692.0013427734375,2418.2112216949463
551,-78.91874551773071,-889.1874551773071,53.65853658536586,1500.554084777832,-88.91874551773071
552,-507.44842529296875,-5174.4842529296875,53.65853658536586,2239.9885654449463,-517.4484252929688
553,2359.7418761253357,23497.418761253357,63.41463414634146,747.3795413970947,2349.7418761253357
554,3083.0470418930054,30730.470418930054,58.536585365853654,631.8634748458862,3073.0470418930054
555,2857.8859066963196,28478.859066963196,58.536585365853654,684.3236088752747,2847.8859066963196
556,-247.98571109771717,-2579.857110977172,63.41463414634146,804.3084144592285,-257.98571109771717
557,3599.5864963531494,35895.864963531494,75.60975609756098,1040.8427715301514,3589.5864963531494
558,1723.1222486495972,17131.22248649597,65.85365853658537,919.9981689453125,1713.1222486495972
559,2331.355700492859,23213.55700492859,63.41463414634146,414.5151376724243,2321.355700492859
560,4103.616843223572,40936.16843223572,78.04878048780488,253.997802734375,4093.616843223572
561,212.02219486236572,2020.2219486236572,58.536585365853654,1012.9776000976562,202.02219486236572
562,2585.3746032714844,25753.746032714844,70.73170731707317,504.69350814819336,2575.3746032714844
563,2026.3670778274536,20163.670778274536,63.41463414634146,935.7672929763794,2016.3670778274536
564,1628.7633275985718,16187.633275985718,58.536585365853654,1576.9308805465698,1618.7633275985718
565,2487.270722389221,24772.707223892212,65.85365853658537,1820.2296495437622,2477.270722389221
566,-667.5463223457336,-6775.463223457336,46.34146341463415,1280.6297540664673,-677.5463223457336
567,-950.2104425430298,-9602.104425430298,48.78048780487805,1363.3533716201782,-960.2104425430298
568,917.0096611976624,9070.096611976624,70.73170731707317,946.858286857605,907.0096611976624
569,-1701.528718471527,-17115.28718471527,53.65853658536586,2062.93785572052,-1711.528718471527
570,-1060.5698132514954,-10705.698132514954,48.78048780487805,1960.151195526123,-1070.5698132514954
571,3560.0407814979553,35500.40781497955,60.97560975609756,693.7072277069092,3550.0407814979553
572,3337.202320098877,33272.02320098877,60.97560975609756,536.0031127929688,3327.202320098877
573,752.1566247940063,7421.5662479400635,56.09756097560976,692.0013427734375,742.1566247940063
574,629.7918653488159,6197.918653488159,68.29268292682927,1850.3875732421875,619.7918653488159
575,1695.7129335403442,16857.129335403442,70.73170731707317,894.7979211807251,1685.7129335403442
576,3440.2353858947754,34302.353858947754,65.85365853658537,700.8464336395264,3430.2353858947754
577,-584.4066643714905,-5944.066643714905,58.536585365853654,2462.4786376953125,-594.4066643714905
578,2444.3327283859253,24343.327283859253,58.536585365853654,640.4882669448853,2434.3327283859253
579,2693.595597743988,26835.95597743988,68.29268292682927,692.0013427734375,2683.595597743988
580,2432.6929545402527,24226.929545402527,60.97560975609756,1093.568205833435,2422.6929545402527
581,2413.4758806228638,24034.758806228638,65.85365853658537,1389.9800777435303,2403.4758806228638
582,2962.856719493866,29528.56719493866,68.29268292682927,415.49694538116455,2952.856719493866
583,1417.9986214637756,14079.986214637756,65.85365853658537,590.7367467880249,1407.9986214637756
584,2770.76340675354,27607.6340675354,68.29268292682927,533.7978601455688,2760.76340675354
585,1451.1098957061768,14411.098957061768,65.85365853658537,1105.8754324913025,1441.1098957061768
586,1064.9898147583008,10549.898147583008,60.97560975609756,951.1994123458862,1054.9898147583008
587,-278.6974811553954,-2886.974811553954,53.65853658536586,2084.9705934524536,-288.6974811553954
588,1390.333662033081,13803.33662033081,58.536585365853654,891.7433023452759,1380.333662033081
589,2739.304075241089,27293.04075241089,70.73170731707317,493.16322803497314,2729.304075241089
590,3835.300693511963,38253.00693511963,73.17073170731707,444.88489627838135,3825.300693511963
591,1044.8864793777466,10348.864793777466,60.97560975609756,717.4898386001587,1034.8864793777466
592,1813.268849849701,18032.68849849701,51.21951219512195,983.3804368972778,1803.268849849701
593,58.0499267578125,480.499267578125,53.65853658536586,1040.5589938163757,48.0499267578125
594,1866.284737586975,18562.84737586975,60.97560975609756,888.6311650276184,1856.284737586975
595,877.5030469894409,8675.03046989441,53.65853658536586,890.4105424880981,867.5030469894409
596,588.3301591873169,5783.301591873169,53.65853658536586,1035.495102405548,578.3301591873169
597,575.019428730011,5650.19428730011,60.97560975609756,814.9753212928772,565.019428730011
598,4157.731423377991,41477.31423377991,70.73170731707317,332.32396841049194,4147.731423377991
599,2955.9038376808167,29459.038376808167,58.536585365853654,372.62678146362305,2945.9038376808167
600,525.9659385681152,5159.659385681152,51.21951219512195,684.0381622314453,515.9659385681152
601,-556.8386816978455,-5668.386816978455,53.65853658536586,1152.8577208518982,-566.8386816978455
602,1495.3982329368591,14853.982329368591,65.85365853658537,965.1687145233154,1485.3982329368591
603,2440.8512806892395,24308.512806892395,60.97560975609756,703.3002376556396,2430.8512806892395
604,1435.758183002472,14257.58183002472,60.97560975609756,1574.5161771774292,1425.758183002472
605,4187.884817123413,41778.84817123413,75.60975609756098,692.0013427734375,4177.884817123413
606,1205.9068775177002,11959.068775177002,60.97560975609756,974.0066528320312,1195.9068775177002
607,3354.9223041534424,33449.223041534424,78.04878048780488,692.0013427734375,3344.9223041534424
608,1335.499415397644,13254.99415397644,58.536585365853654,692.0013427734375,1325.499415397644
609,2708.8179087638855,26988.179087638855,63.41463414634146,937.0879530906677,2698.8179087638855
610,410.2538323402406,4002.538323402406,56.09756097560976,1487.313985824585,400.2538323402406
611,603.0781364440919,5930.78136444092,43.90243902439025,1373.0331659317017,593.0781364440919
612,-88.08540344238281,-980.8540344238281,56.09756097560976,1066.0995841026306,-98.08540344238281
613,2755.712161064148,27457.12161064148,63.41463414634146,692.0013427734375,2745.712161064148
614,1429.885516166687,14198.85516166687,63.41463414634146,1239.8962378501892,1419.885516166687
615,729.465434551239,7194.65434551239,58.536585365853654,487.6694083213806,719.465434551239
616,1060.745666027069,10507.456660270691,56.09756097560976,1954.5075297355652,1050.745666027069
617,747.0219230651855,7370.2192306518555,58.536585365853654,1339.996337890625,737.0219230651855
618,521.3804936408997,5113.804936408997,58.536585365853654,812.1722340583801,511.38049364089966
619,2676.8679118156433,26668.679118156433,63.41463414634146,641.5366530418396,2666.8679118156433
620,1103.9316749572754,10939.316749572754,56.09756097560976,717.8372144699097,1093.9316749572754
621,4072.7676844596863,40627.67684459686,73.17073170731707,420.84765434265137,4062.7676844596863
622,1297.2467041015625,12872.467041015625,63.41463414634146,1017.7246332168579,1287.2467041015625
623,766.0337781906128,7560.337781906128,56.09756097560976,1645.522952079773,756.0337781906128
624,698.4570717811584,6884.5707178115845,58.536585365853654,887.2952461242676,688.4570717811584
625,2121.3874912261963,21113.874912261963,65.85365853658537,287.8032922744751,2111.3874912261963
626,3529.0669894218445,35190.669894218445,65.85365853658537,420.31311988830566,3519.0669894218445
627,960.7895112037659,9507.895112037659,56.09756097560976,1232.610046863556,950.7895112037659
628,2830.3629851341248,28203.629851341248,75.60975609756098,253.997802734375,2820.3629851341248
629,452.65371561050415,4426.5371561050415,60.97560975609756,845.8239436149597,442.65371561050415
630,89.94461059570312,799.4461059570312,58.536585365853654,1726.3526916503906,79.94461059570312
631,2488.9408445358276,24789.408445358276,60.97560975609756,419.2941188812256,2478.9408445358276
632,2508.781681060791,24987.81681060791,70.73170731707317,712.0848894119263,2498.781681060791
633,2239.024887084961,22290.24887084961,68.29268292682927,1369.1140413284302,2229.024887084961
634,2164.9673080444336,21549.673080444336,63.41463414634146,994.0859079360962,2154.9673080444336
635,3111.3763546943665,31013.763546943665,63.41463414634146,897.8450298309326,3101.3763546943665
636,1202.0753717422485,11920.753717422485,51.21951219512195,1246.467411518097,1192.0753717422485
637,1800.970504283905,17909.70504283905,53.65853658536586,931.7260980606079,1790.970504283905
638,266.28530979156494,2562.8530979156494,51.21951219512195,1644.0057754516602,256.28530979156494
639,1657.6097106933594,16476.097106933594,56.09756097560976,1114.6779656410217,1647.6097106933594
640,1547.9893779754639,15379.893779754639,56.09756097560976,1326.4646530151367,1537.9893779754639
641,3200.6092166900635,31906.092166900635,68.29268292682927,282.00531005859375,3190.6092166900635
642,911.3675451278687,9013.675451278687,73.17073170731707,1063.2001161575317,901.3675451278687
643,-1185.4430937767029,-11954.430937767029,51.21951219512195,1708.9884877204895,-1195.4430937767029
644,1255.0791001319885,12450.791001319885,48.78048780487805,583.4769010543823,1245.0791001319885
645,3404.794702529907,33947.94702529907,65.85365853658537,1477.0575761795044,3394.794702529907
646,1607.2328186035156,15972.328186035156,53.65853658536586,1173.029065132141,1597.2328186035156
647,2029.9898481369019,20199.89848136902,70.73170731707317,1101.057767868042,2019.9898481369019
648,31.73435688018799,217.34356880187988,56.09756097560976,1369.6399927139282,21.73435688018799
649,1774.7457122802734,17647.457122802734,51.21951219512195,813.9356374740601,1764.7457122802734
650,1005.7011342048645,9957.011342048645,58.536585365853654,832.013726234436,995.7011342048645
651,3262.2988319396973,32522.988319396973,63.41463414634146,413.2739305496216,3252.2988319396973
652,4147.08633184433,41370.8633184433,70.73170731707317,502.07990407943726,4137.08633184433
653,-658.7650680541992,-6687.650680541992,56.09756097560976,2514.571726322174,-668.7650680541992
654,2139.072606563568,21290.72606563568,63.41463414634146,1104.00390625,2129.072606563568
655,-56.10149145126343,-661.0149145126343,58.536585365853654,800.5675673484802,-66.10149145126343
656,4949.747333526611,49397.47333526611,65.85365853658537,206.81571960449216,4939.747333526611
657,668.5114598274231,6585.114598274231,58.536585365853654,736.0050082206726,658.5114598274231
658,2288.0612111091614,22780.612111091614,73.17073170731707,611.8530035018921,2278.0612111091614
659,-227.27285861968994,-2372.7285861968994,63.41463414634146,1646.6931700706482,-237.27285861968994
660,-316.70098543167114,-3267.0098543167114,58.536585365853654,2333.5189819335938,-326.70098543167114
661,1450.792977809906,14407.92977809906,68.29268292682927,1397.3463773727417,1440.792977809906
662,-345.48216104507446,-3554.8216104507446,51.21951219512195,2543.349266052246,-355.48216104507446
663,-398.87683629989624,-4088.7683629989624,51.21951219512195,1916.7789220809937,-408.87683629989624
664,-990.0321865081787,-10000.321865081787,53.65853658536586,1674.0854978561401,-1000.0321865081787
665,1156.4983224868774,11464.983224868774,70.73170731707317,1300.7054328918457,1146.4983224868774
666,1305.7297563552856,12957.297563552856,58.536585365853654,812.1896982192993,1295.7297563552856
667,2138.6773085594177,21286.773085594177,65.85365853658537,783.8183641433716,2128.6773085594177
668,-1379.1891241073608,-13891.891241073608,56.09756097560976,2142.701268196106,-1389.1891241073608
669,4799.42859172821,47894.285917282104,70.73170731707317,694.0078735351562,4789.42859172821
670,4805.528590679169,47955.28590679169,73.17073170731707,286.5039110183716,4795.528590679169
671,3560.7545471191406,35507.545471191406,75.60975609756098,282.00531005859375,3550.7545471191406
672,3752.2876358032227,37422.87635803223,70.73170731707317,787.6677513122559,3742.2876358032227
673,855.8348512649536,8458.348512649536,63.41463414634146,1061.034083366394,845.8348512649536
674,1030.2682614326477,10202.682614326477,58.536585365853654,831.3993215560912,1020.2682614326477
675,695.8147382736206,6858.147382736206,53.65853658536586,936.7043972015381,685.8147382736206
676,4525.274703502655,45152.74703502655,78.04878048780488,692.0013427734375,4515.274703502655
677,3550.018677711487,35400.18677711487,65.85365853658537,913.5156869888306,3540.018677711487
678,1228.6476588249207,12186.476588249207,70.73170731707317,945.9991455078125,1218.6476588249207
679,3390.0546526908875,33800.546526908875,78.04878048780488,694.0078735351562,3380.0546526908875
680,1699.4404292106628,16894.40429210663,68.29268292682927,703.3590078353882,1689.4404292106628
681,1234.1663932800293,12241.663932800293,60.97560975609756,479.48288917541504,1224.1663932800293
682,1488.1246185302734,14781.246185302734,51.21951219512195,1052.2838830947876,1478.1246185302734
683,1387.956509590149,13779.56509590149,68.29268292682927,1234.753966331482,1377.956509590149
684,-191.671302318573,-2016.71302318573,46.34146341463415,1106.435775756836,-201.671302318573
685,2281.4900374412537,22714.900374412537,60.97560975609756,641.894280910492,2271.4900374412537
686,635.8738040924072,6258.738040924072,60.97560975609756,1462.462067604065,625.8738040924072
687,827.0159459114075,8170.159459114075,73.17073170731707,692.0013427734375,817.0159459114075
688,29.153118133544922,191.53118133544922,63.41463414634146,1168.039083480835,19.153118133544922
689,2391.0362219810486,23810.362219810486,58.536585365853654,692.0013427734375,2381.0362219810486
690,-398.2942008972168,-4082.942008972168,43.90243902439025,1988.1426692008972,-408.2942008972168
691,-964.3571877479553,-9743.571877479553,51.21951219512195,1822.911024093628,-974.3571877479553
692,2898.120114803314,28881.201148033142,68.29268292682927,282.00531005859375,2888.120114803314
693,2702.5812363624573,26925.812363624573,65.85365853658537,692.0013427734375,2692.5812363624573
694,2963.7540078163147,29537.540078163147,70.73170731707317,291.8224334716797,2953.7540078163147
695,-1258.5925960540771,-12685.925960540771,51.21951219512195,2500.244379043579,-1268.5925960540771
696,2846.3505601882935,28363.505601882935,70.73170731707317,692.0013427734375,2836.3505601882935
697,1206.5898275375366,11965.898275375366,65.85365853658537,908.2443714141846,1196.5898275375366
698,1837.112078666687,18271.12078666687,56.09756097560976,910.9200239181519,1827.112078666687
699,1463.7898302078247,14537.898302078247,60.97560975609756,1102.5218963623047,1453.7898302078247
700,553.1739091873169,5431.739091873169,46.34146341463415,535.4407429695129,543.1739091873169
701,-146.87566995620728,-1568.7566995620728,48.78048780487805,1277.3448824882507,-156.87566995620728
702,1840.3977847099304,18303.977847099304,60.97560975609756,727.6297807693481,1830.3977847099304
703,1317.3349595069885,13073.349595069885,56.09756097560976,787.7804040908813,1307.3349595069885
704,929.849157333374,9198.49157333374,65.85365853658537,1800.5038499832153,919.849157333374
705,-275.66640615463257,-2856.6640615463257,65.85365853658537,2175.074338912964,-285.66640615463257
706,2796.906898021698,27869.06898021698,68.29268292682927,804.0640354156494,2786.906898021698
707,3437.430748939514,34274.30748939514,63.41463414634146,692.0013427734375,3427.430748939514
708,-1666.8330931663513,-16768.330931663513,41.46341463414634,2589.9307131767273,-1676.8330931663513
709,1746.2579107284546,17362.579107284546,56.09756097560976,1542.657494544983,1736.2579107284546
710,533.5390067100525,5235.390067100525,56.09756097560976,735.6747388839722,523.5390067100525
711,1044.329354763031,10343.29354763031,68.29268292682927,811.4930391311646,1034.329354763031
712,-1388.7563848495483,-13987.563848495483,56.09756097560976,1767.6290273666382,-1398.7563848495483
713,-1339.5234847068787,-13495.234847068787,53.65853658536586,1600.8862853050232,-1349.5234847068787
714,2805.306086540222,27953.06086540222,68.29268292682927,412.0025634765625,2795.306086540222
715,2341.32541179657,23313.2541179657,63.41463414634146,1104.00390625,2331.32541179657
716,1957.262465953827,19472.62465953827,63.41463414634146,949.7700929641724,1947.262465953827
717,83.82416725158703,738.2416725158702,53.65853658536586,1687.7643465995789,73.82416725158703
718,1333.8106966018677,13238.106966018677,58.536585365853654,807.9986572265625,1323.8106966018677
719,145.88249683380133,1358.8249683380132,56.09756097560976,1731.2984466552734,135.88249683380133
720,-304.7355914115905,-3147.355914115905,68.29268292682927,2486.476480960846,-314.7355914115905
721,983.1217622756958,9731.217622756958,60.97560975609756,921.4705228805542,973.1217622756958
722,1236.552128791809,12265.52128791809,63.41463414634146,1355.666160583496,1226.552128791809
723,2724.330792427063,27143.30792427063,63.41463414634146,1097.6158380508423,2714.330792427063
724,1550.6922101974487,15406.922101974487,58.536585365853654,1954.2240500450134,1540.6922101974487
725,3774.8905515670776,37648.90551567078,65.85365853658537,692.0013427734375,3764.8905515670776
726,-1060.1388716697693,-10701.388716697693,56.09756097560976,2241.0311102867126,-1070.1388716697693
727,2432.2261905670166,24222.261905670166,75.60975609756098,640.8981084823608,2422.2261905670166
728,1303.369174003601,12933.69174003601,60.97560975609756,906.3209295272827,1293.369174003601
729,2106.212327480316,20962.12327480316,56.09756097560976,1029.7561883926392,2096.212327480316
730,1763.3742189407349,17533.74218940735,58.536585365853654,417.80054569244385,1753.3742189407349
731,1360.2790331840515,13502.790331840515,68.29268292682927,1216.3974046707153,1350.2790331840515
732,1670.5298519134521,16605.29851913452,48.78048780487805,1494.9924945831299,1660.5298519134521
733,1243.2698702812195,12332.698702812195,65.85365853658537,1676.2714385986328,1233.2698702812195
734,-1408.3619022369385,-14183.619022369385,43.90243902439025,1606.365442276001,-1418.3619022369385
735,1810.0077605247498,18000.077605247498,68.29268292682927,692.86048412323,1800.0077605247498
736,1252.5886988639832,12425.886988639832,51.21951219512195,1389.400839805603,1242.5886988639832
737,2307.0876693725586,22970.876693725586,65.85365853658537,620.5241680145264,2297.0876693725586
738,2639.7075152397156,26297.075152397156,70.73170731707317,974.4527339935303,2629.7075152397156
739,1651.7261958122253,16417.261958122253,53.65853658536586,824.8642683029175,1641.7261958122253
740,885.2472400665284,8752.472400665285,58.536585365853654,1104.4571995735168,875.2472400665284
741,642.1983933448792,6321.9839334487915,56.09756097560976,1093.889832496643,632.1983933448792
742,594.3729376792908,5843.729376792908,51.21951219512195,1190.2819871902466,584.3729376792908
743,609.7317433357239,5997.317433357239,58.536585365853654,1284.9846482276917,599.7317433357239
744,1200.3824210166931,11903.824210166931,53.65853658536586,1297.7732419967651,1190.3824210166931
745,-103.9911413192749,-1139.911413192749,43.90243902439025,1639.1649842262268,-113.9911413192749
746,493.12848806381226,4831.284880638123,58.536585365853654,1119.5493936538696,483.12848806381226
747,1592.0887088775635,15820.887088775635,70.73170731707317,692.0013427734375,1582.0887088775635
748,-235.05484104156494,-2450.5484104156494,58.536585365853654,1384.6685886383057,-245.05484104156494
749,4508.229503631592,44982.29503631592,73.17073170731707,692.0013427734375,4498.229503631592
750,1635.7886290550232,16257.886290550232,60.97560975609756,1250.706970691681,1625.7886290550232
751,375.47213792800903,3654.7213792800903,48.78048780487805,1718.2472348213196,365.47213792800903
752,1317.1458339691162,13071.458339691162,65.85365853658537,1081.9710493087769,1307.1458339691162
753,4975.0759100914,49650.759100914,68.29268292682927,692.0013427734375,4965.0759100914
754,3234.021077156067,32240.21077156067,68.29268292682927,1055.7417273521423,3224.021077156067
755,-99.35336351394648,-1093.5336351394649,70.73170731707317,1375.8362531661987,-109.35336351394648
756,2285.964319705963,22759.64319705963,65.85365853658537,713.4760618209839,2275.964319705963
757,2693.3239793777466,26833.239793777466,78.04878048780488,879.7562122344971,2683.3239793777466
758,1970.8537554740906,19608.537554740906,60.97560975609756,780.9008359909058,1960.8537554740906
759,952.9029226303101,9429.0292263031,56.09756097560976,1071.6181993484497,942.9029226303101
760,-114.35179948806746,-1243.5179948806745,58.536585365853654,727.4569272994995,-124.35179948806746
761,-1007.2419548034668,-10172.419548034668,58.536585365853654,1292.9916381835938,-1017.2419548034668
762,1197.5911355018616,11875.911355018616,63.41463414634146,692.0013427734375,1187.5911355018616
763,3606.552073955536,35965.52073955536,63.41463414634146,415.56596755981445,3596.552073955536
764,3225.3974771499634,32153.974771499634,68.29268292682927,693.7735080718994,3215.3974771499634
765,-2333.361020088196,-23433.610200881958,56.09756097560976,2710.719347000122,-2343.361020088196
766,-308.4518814086914,-3184.518814086914,56.09756097560976,1002.5224685668945,-318.4518814086914
767,91.62122964859009,816.2122964859009,53.65853658536586,2130.0617456436157,81.62122964859009
768,1493.0771088600159,14830.771088600159,63.41463414634146,2113.42453956604,1483.0771088600159
769,1555.3317761421204,15453.317761421204,60.97560975609756,1131.5778493881226,1545.3317761421204
770,3982.842752933502,39728.42752933502,70.73170731707317,282.00531005859375,3972.842752933502
771,1370.3423833847046,13603.423833847046,56.09756097560976,1306.617558002472,1360.3423833847046
772,-260.5405354499817,-2705.405354499817,63.41463414634146,1521.0719108581543,-270.5405354499817
773,4619.48121547699,46094.8121547699,73.17073170731707,219.00177001953125,4609.48121547699
774,-738.0907440185547,-7480.907440185547,43.90243902439025,1654.752790927887,-748.0907440185547
775,-64.96488094329834,-749.6488094329834,58.536585365853654,1230.5570840835571,-74.96488094329834
776,1632.2821474075317,16222.821474075317,65.85365853658537,1216.2895202636719,1622.2821474075317
777,-1065.6810903549194,-10756.810903549194,56.09756097560976,1663.1207466125488,-1075.6810903549194
778,-1954.9224877357483,-19649.224877357483,48.78048780487805,2323.923647403717,-1964.9224877357483
779,2404.0388560295105,23940.388560295105,53.65853658536586,413.7084484100342,2394.0388560295105
780,1131.5978860855105,11215.978860855106,53.65853658536586,989.8349642753601,1121.5978860855105
781,-84.4998264312743,-944.9982643127431,41.46341463414634,735.0562810897827,-94.4998264312743
782,-1595.9744358062744,-16059.744358062744,53.65853658536586,1870.0153827667236,-1605.9744358062744
783,2247.9153966903687,22379.153966903687,60.97560975609756,1688.4242296218872,2237.9153966903687
784,54.1400408744812,441.400408744812,60.97560975609756,2359.0386509895325,44.1400408744812
785,2885.53870677948,28755.3870677948,75.60975609756098,692.0013427734375,2875.53870677948
786,3322.296509742737,33122.96509742737,56.09756097560976,412.0025634765625,3312.296509742737
787,991.2898635864258,9812.898635864258,60.97560975609756,1027.6187658309937,981.2898635864258
788,1290.9175252914429,12809.175252914429,56.09756097560976,1818.5070753097534,1280.9175252914429
789,479.8626399040222,4698.626399040222,63.41463414634146,1238.5202646255493,469.8626399040222
790,3137.491235733032,31274.912357330322,75.60975609756098,702.2262811660767,3127.491235733032
791,3542.381236553192,35323.81236553192,65.85365853658537,412.0025634765625,3532.381236553192
792,2344.362804889679,23343.62804889679,63.41463414634146,906.8741798400879,2334.362804889679
793,1428.670415878296,14186.704158782959,56.09756097560976,1238.7951016426086,1418.670415878296
794,3096.826801300049,30868.26801300049,65.85365853658537,892.4943208694458,3086.826801300049
795,3076.2593245506287,30662.593245506287,68.29268292682927,701.7055749893188,3066.2593245506287
796,-425.54192781448364,-4355.419278144836,56.09756097560976,1703.572154045105,-435.54192781448364
797,-2496.8930983543396,-25068.930983543396,43.90243902439025,2737.3680472373962,-2506.8930983543396
798,110.57681798934948,1005.7681798934947,46.34146341463415,981.0702800750732,100.57681798934948
799,144.41318273544317,1344.1318273544316,56.09756097560976,1306.1909079551697,134.41318273544317
800,2781.5280055999756,27715.280055999756,60.97560975609756,947.0719695091248,2771.5280055999756
801,3307.2407937049866,32972.407937049866,65.85365853658537,1362.8586530685425,3297.2407937049866
802,-994.5700669288635,-10045.700669288635,39.02439024390244,1567.3407912254333,-1004.5700669288635
803,2570.976564884186,25609.765648841858,60.97560975609756,1013.555645942688,2560.976564884186
804,92.28731155395508,822.8731155395508,56.09756097560976,1729.3986082077026,82.28731155395508
805,1700.0308728218079,16900.30872821808,65.85365853658537,847.6797342300415,1690.0308728218079
806,2595.0611329078674,25850.611329078674,56.09756097560976,524.7974395751953,2585.0611329078674
807,-1151.2082719802856,-11612.082719802856,58.536585365853654,1993.0038452148438,-1161.2082719802856
808,1142.8036189079285,11328.036189079285,56.09756097560976,1333.5954546928406,1132.8036189079285
809,3666.543970108032,36565.43970108032,65.85365853658537,381.99758529663086,3656.543970108032
810,1376.3835525512695,13663.835525512695,56.09756097560976,1024.2650508880615,1366.3835525512695
811,27.101824283599854,171.01824283599854,63.41463414634146,1014.4383311271667,17.101824283599854
812,-668.4906983375549,-6784.906983375549,58.536585365853654,1105.4723858833313,-678.4906983375549
813,3440.8794140815735,34308.794140815735,75.60975609756098,282.00531005859375,3430.8794140815735
814,3740.7297587394714,37307.297587394714,68.29268292682927,766.5048837661743,3730.7297587394714
815,-2671.5860271453857,-26815.860271453857,43.90243902439025,1992.3111200332642,-2681.5860271453857
816,2673.1045937538147,26631.045937538147,58.536585365853654,706.1663866043091,2663.1045937538147
817,373.99924755096436,3639.9924755096436,51.21951219512195,710.0573778152466,363.99924755096436
818,2204.4124698638916,21944.124698638916,63.41463414634146,1104.00390625,2194.4124698638916
819,1607.8697538375854,15978.697538375854,63.41463414634146,892.0391798019409,1597.8697538375854
820,2971.4752531051636,29614.752531051636,73.17073170731707,692.0013427734375,2961.4752531051636
821,666.4163565635682,6564.163565635683,51.21951219512195,1833.3364725112915,656.4163565635682
822,1318.1581592559814,13081.581592559814,56.09756097560976,1881.1426162719727,1308.1581592559814
823,-796.279718875885,-8062.79718875885,46.34146341463415,1026.6427397727966,-806.279718875885
824,4038.1049013137817,40281.04901313782,75.60975609756098,828.6964893341064,4028.1049013137817
825,3283.2861638069153,32732.861638069153,58.536585365853654,643.9971923828125,3273.2861638069153
826,828.666934967041,8186.66934967041,60.97560975609756,909.9839925765991,818.666934967041
827,1343.2350850105286,13332.350850105286,53.65853658536586,1107.589304447174,1333.2350850105286
828,-4030.3178930282593,-40403.17893028259,48.78048780487805,4346.103072166443,-4040.3178930282593
829,2767.8155994415283,27578.155994415283,58.536585365853654,472.99957275390625,2757.8155994415283
830,3173.3533239364624,31633.533239364624,58.536585365853654,780.4330587387085,3163.3533239364624
831,750.9265041351318,7409.265041351318,53.65853658536586,1347.3685383796692,740.9265041351318
832,-445.15531301498413,-4551.553130149841,46.34146341463415,2087.324380874634,-455.15531301498413
833,3492.6252460479736,34826.252460479736,60.97560975609756,664.2956733703613,3482.6252460479736
834,131.39683961868286,1213.9683961868286,58.536585365853654,898.8170623779297,121.39683961868286
835,593.0183625221252,5830.183625221252,60.97560975609756,1285.2981090545654,583.0183625221252
836,233.31082820892334,2233.1082820892334,53.65853658536586,1200.9899616241455,223.31082820892334
837,4712.223539352417,47022.23539352417,73.17073170731707,692.0013427734375,4702.223539352417
838,1487.1189093589783,14771.189093589783,58.536585365853654,1476.505160331726,1477.1189093589783
839,2448.2864832878113,24382.864832878113,60.97560975609756,427.71846055984497,2438.2864832878113
840,1408.7906575202942,13987.906575202942,60.97560975609756,1320.0806975364685,1398.7906575202942
841,317.97278881073,3079.7278881073,60.97560975609756,952.203631401062,307.97278881073
842,1761.4943480491638,17514.94348049164,68.29268292682927,898.2923030853271,1751.4943480491638
843,1467.6281309127808,14576.281309127808,60.97560975609756,932.6002597808838,1457.6281309127808
844,-140.37840604782104,-1503.7840604782104,43.90243902439025,1945.3640580177307,-150.37840604782104
845,2094.019660949707,20840.19660949707,63.41463414634146,701.8184661865234,2084.019660949707
846,978.9474105834961,9689.474105834961,53.65853658536586,1928.1208515167236,968.9474105834961
847,1873.4055256843567,18634.055256843567,60.97560975609756,1533.352255821228,1863.4055256843567
848,3271.8143558502197,32618.143558502197,60.97560975609756,974.0066528320312,3261.8143558502197
849,1715.7679891586304,17057.679891586304,53.65853658536586,763.9129161834717,1705.7679891586304
850,1230.3829288482666,12203.829288482666,58.536585365853654,1289.9540662765503,1220.3829288482666
851,-1362.2761273384094,-13722.761273384094,56.09756097560976,2599.4580388069153,-1372.2761273384094
852,3018.067786693573,30080.67786693573,75.60975609756098,257.49218463897705,3008.067786693573
853,4091.3933610916138,40813.93361091614,70.73170731707317,888.4421586990356,4081.3933610916138
854,2891.578803062439,28815.78803062439,70.73170731707317,1106.5164804458618,2881.578803062439
855,1750.630030632019,17406.30030632019,60.97560975609756,633.5169076919556,1740.630030632019
856,3356.6023206710815,33466.023206710815,58.536585365853654,384.96387004852295,3346.6023206710815
857,25.556037425994987,155.5603742599499,68.29268292682927,1763.0683779716492,15.556037425994987
858,3049.6270155906677,30396.270155906677,60.97560975609756,1303.4532070159912,3039.6270155906677
859,-114.3695616722107,-1243.695616722107,53.65853658536586,1008.6685419082642,-124.3695616722107
860,413.6020040512085,4036.020040512085,60.97560975609756,692.0013427734375,403.6020040512085
861,3547.256956100464,35372.56956100464,68.29268292682927,1637.91823387146,3537.256956100464
862,-789.5676398277283,-7995.676398277283,56.09756097560976,1312.4308586120605,-799.5676398277283
863,1019.1515779495239,10091.51577949524,60.97560975609756,842.339277267456,1009.1515779495239
864,3045.417914390564,30354.17914390564,73.17073170731707,948.0056762695312,3035.417914390564
865,3039.1144847869873,30291.144847869873,73.17073170731707,810.6033802032471,3029.1144847869873
866,-1277.4805927276611,-12874.805927276611,51.21951219512195,1868.613362312317,-1287.4805927276611
867,1870.937476158142,18609.37476158142,63.41463414634146,773.6308574676514,1860.937476158142
868,1459.9292969703674,14499.292969703674,65.85365853658537,657.4383974075317,1449.9292969703674
869,-417.32614278793335,-4273.2614278793335,63.41463414634146,1186.3225102424622,-427.32614278793335
870,575.2920007705688,5652.9200077056885,56.09756097560976,1609.2246770858765,565.2920007705688
871,640.0299167633057,6300.299167633057,60.97560975609756,1230.0370931625366,630.0299167633057
872,728.3202505111694,7183.202505111694,56.09756097560976,866.9928908348083,718.3202505111694
873,350.6001925468445,3406.001925468445,58.536585365853654,1534.9040627479553,340.6001925468445
874,685.7708191871643,6757.708191871643,60.97560975609756,819.8326826095581,675.7708191871643
875,2802.140483856201,27921.40483856201,63.41463414634146,530.5988788604736,2792.140483856201
876,1750.132212638855,17401.32212638855,65.85365853658537,893.5505151748657,1740.132212638855
877,2906.7620730400085,28967.620730400085,65.85365853658537,699.9058127403259,2896.7620730400085
878,778.1409120559692,7681.409120559692,48.78048780487805,908.8915586471558,768.1409120559692
879,15.494654178619385,54.94654178619385,51.21951219512195,1472.9665517807007,5.494654178619385
880,1798.7274622917175,17887.274622917175,60.97560975609756,681.2127828598022,1788.7274622917175
881,964.349160194397,9543.49160194397,63.41463414634146,1381.0523748397827,954.349160194397
882,1718.6410522460938,17086.410522460938,63.41463414634146,425.40764808654785,1708.6410522460938
883,1772.2031569480896,17622.031569480896,60.97560975609756,631.9801807403564,1762.2031569480896
884,1857.08970785141,18470.8970785141,65.85365853658537,978.0550003051758,1847.08970785141
885,-230.94635248184204,-2409.4635248184204,65.85365853658537,2175.3254532814026,-240.94635248184204
886,-334.31421756744385,-3443.1421756744385,60.97560975609756,1915.3704643249512,-344.31421756744385
887,2688.8942217826843,26788.942217826843,65.85365853658537,694.5139169692993,2678.8942217826843
888,258.0069398880005,2480.069398880005,70.73170731707317,1457.6597213745117,248.0069398880005
889,-283.87009143829346,-2938.7009143829346,48.78048780487805,1462.786614894867,-293.87009143829346
890,2263.4709572792053,22534.709572792053,56.09756097560976,894.4694995880127,2253.4709572792053
891,2927.437493801117,29174.37493801117,53.65853658536586,1164.056658744812,2917.437493801117
892,2760.6216764450073,27506.216764450073,78.04878048780488,692.0013427734375,2750.6216764450073
893,3586.606810092926,35766.06810092926,60.97560975609756,413.07538747787476,3576.606810092926
894,449.95440006256104,4399.54400062561,53.65853658536586,1271.7405557632446,439.95440006256104
895,1350.8230543136597,13408.230543136597,53.65853658536586,692.0013427734375,1340.8230543136597
896,662.0700454711914,6520.700454711914,56.09756097560976,1043.6404943466187,652.0700454711914
897,3927.5410866737366,39175.410866737366,70.73170731707317,413.7084484100342,3917.5410866737366
898,3270.199248790741,32601.99248790741,70.73170731707317,702.202558517456,3260.199248790741
899,-86.10402584075928,-961.0402584075928,51.21951219512195,1783.1382751464844,-96.10402584075928
900,434.7105121612549,4247.105121612549,63.41463414634146,1176.6419410705566,424.7105121612549
901,5646.280179023743,56362.80179023743,70.73170731707317,220.70765495300293,5636.280179023743
902,1443.2528114318848,14332.528114318848,70.73170731707317,1077.0111083984375,1433.2528114318848
903,799.1660928726196,7891.660928726196,68.29268292682927,819.7095394134521,789.1660928726196
904,1801.5788888931274,17915.788888931274,63.41463414634146,815.5738115310669,1791.5788888931274
905,847.7829194068909,8377.829194068909,51.21951219512195,768.8359022140503,837.7829194068909
906,1302.288362979889,12922.88362979889,63.41463414634146,692.0013427734375,1292.288362979889
907,3953.501353263855,39435.01353263855,60.97560975609756,291.8224334716797,3943.501353263855
908,2081.3106989860535,20713.106989860535,58.536585365853654,945.5934762954712,2071.3106989860535
909,2188.574323654175,21785.743236541748,60.97560975609756,886.8883848190308,2178.574323654175
910,-770.7134389877319,-7807.134389877319,56.09756097560976,1684.0910911560059,-780.7134389877319
911,5002.525815963745,49925.25815963745,70.73170731707317,693.3022737503052,4992.525815963745
912,1967.711637020111,19577.11637020111,60.97560975609756,768.05579662323,1957.711637020111
913,1505.2426552772522,14952.426552772522,58.536585365853654,1604.53462600708,1495.2426552772522
914,155.48158645629883,1454.8158645629883,60.97560975609756,1093.1841135025024,145.48158645629883
915,2408.05006980896,23980.5006980896,63.41463414634146,891.0064697265625,2398.05006980896
916,-934.8909163475037,-9448.909163475037,48.78048780487805,1115.722894668579,-944.8909163475037
917,374.48436975479126,3644.8436975479126,58.536585365853654,1436.914622783661,364.48436975479126
918,3755.995044708252,37459.95044708252,75.60975609756098,334.99908447265625,3745.995044708252
919,1373.2975816726685,13632.975816726685,60.97560975609756,543.0142879486084,1363.2975816726685
920,-1070.1608562469482,-10801.608562469482,48.78048780487805,2734.429955482483,-1080.1608562469482
921,370.9347343444824,3609.347343444824,60.97560975609756,1095.6542491912842,360.9347343444824
922,636.5519857406616,6265.519857406616,60.97560975609756,881.9775581359863,626.5519857406616
923,-889.1656303405762,-8991.656303405762,48.78048780487805,1654.457926750183,-899.1656303405762
924,-451.51596307754517,-4615.159630775452,58.536585365853654,1025.267243385315,-461.51596307754517
925,2117.111930847168,21071.11930847168,56.09756097560976,700.8464336395264,2107.111930847168
926,1003.9723610877991,9939.72361087799,60.97560975609756,1530.6988954544067,993.9723610877991
927,-22.986462116241455,-329.86462116241455,60.97560975609756,1740.5233979225159,-32.986462116241455
928,1286.1085033416748,12761.085033416748,63.41463414634146,472.99957275390625,1276.1085033416748
929,2174.10493850708,21641.0493850708,63.41463414634146,1354.360818862915,2164.10493850708
930,2315.903196334839,23059.03196334839,68.29268292682927,1178.8880825042725,2305.903196334839
931,2129.3403601646423,21193.403601646423,65.85365853658537,412.0025634765625,2119.3403601646423
932,654.5875763893129,6445.875763893129,48.78048780487805,1093.4959650039673,644.5875763893129
933,-609.5691227912903,-6195.691227912903,58.536585365853654,824.7730731964111,-619.5691227912903
934,1713.381896018982,17033.81896018982,51.21951219512195,288.85793685913086,1703.381896018982
935,-249.43320989608765,-2594.3320989608765,43.90243902439025,1298.3070015907288,-259.43320989608765
936,532.1446752548218,5221.446752548218,51.21951219512195,1571.5460777282715,522.1446752548218
937,1380.9278106689453,13709.278106689453,70.73170731707317,747.0016479492188,1370.9278106689453
938,3292.795488834381,32827.95488834381,73.17073170731707,811.3703727722168,3282.795488834381
939,2110.054919719696,21000.54919719696,60.97560975609756,609.0011596679688,2100.054919719696
940,132.30229377746582,1223.0229377746582,65.85365853658537,1328.6259174346924,122.30229377746582
941,2370.934019088745,23609.34019088745,60.97560975609756,633.9305639266968,2360.934019088745
942,135.97590684890747,1259.7590684890747,53.65853658536586,1548.951268196106,125.97590684890747
943,197.68459558486938,1876.8459558486938,60.97560975609756,967.9604768753052,187.68459558486938
944,843.9435458183289,8339.435458183289,60.97560975609756,946.3270306587219,833.9435458183289
945,416.2986969947815,4062.986969947815,51.21951219512195,1481.6749095916748,406.2986969947815
946,1109.5558500289917,10995.558500289917,65.85365853658537,1491.2848472595215,1099.5558500289917
947,717.7373266220093,7077.373266220093,56.09756097560976,1585.066318511963,707.7373266220093
948,2719.0428471565247,27090.428471565247,63.41463414634146,574.9005675315857,2709.0428471565247
949,2946.0488057136536,29360.488057136536,68.29268292682927,580.4580450057983,2936.0488057136536
950,986.2825965881348,9762.825965881348,56.09756097560976,1126.9707083702087,976.2825965881348
951,2985.3523468971252,29753.523468971252,60.97560975609756,273.13947677612305,2975.3523468971252
952,1831.520984172821,18215.20984172821,51.21951219512195,300.45008659362793,1821.520984172821
953,4116.8167090415955,41068.167090415955,60.97560975609756,807.9986572265625,4106.8167090415955
954,12.20179557800293,22.017955780029297,56.09756097560976,1349.1292595863342,2.2017955780029297
955,2310.6924390792847,23006.924390792847,63.41463414634146,976.4361381530762,2300.6924390792847
956,1651.962230205536,16419.62230205536,60.97560975609756,1387.497067451477,1641.962230205536
957,1267.558822631836,12575.58822631836,56.09756097560976,692.0013427734375,1257.558822631836
958,1039.1668176651,10291.668176651001,60.97560975609756,1166.8820977210999,1029.1668176651
959,2607.9835391044617,25979.835391044617,68.29268292682927,694.0078735351562,2597.9835391044617
960,1384.9865293502808,13749.865293502808,53.65853658536586,628.6848783493042,1374.9865293502808
961,1846.1967206001282,18361.96720600128,68.29268292682927,1084.9419832229614,1836.1967206001282
962,1525.5354738235474,15155.354738235474,60.97560975609756,979.7506332397461,1515.5354738235474
963,-1369.5846104621887,-13795.846104621887,46.34146341463415,2252.3364424705505,-1379.5846104621887
964,2799.9582982063293,27899.582982063293,58.536585365853654,1089.02508020401,2789.9582982063293
965,1720.5624675750732,17105.624675750732,60.97560975609756,824.005126953125,1710.5624675750732
966,2309.384295940399,22993.84295940399,70.73170731707317,600.0776290893555,2299.384295940399
967,650.9275531768799,6409.275531768799,70.73170731707317,1087.6940488815308,640.9275531768799
968,2393.9343786239624,23839.343786239624,78.04878048780488,790.8493280410767,2383.9343786239624
969,1780.0059413909912,17700.059413909912,70.73170731707317,419.79503631591797,1770.0059413909912
970,1719.3291282653809,17093.29128265381,56.09756097560976,1391.5305733680725,1709.3291282653809
971,1963.574538230896,19535.74538230896,60.97560975609756,1161.717176437378,1953.574538230896
972,816.5334558486938,8065.3345584869385,60.97560975609756,412.0025634765625,806.5334558486938
973,893.7855458259583,8837.855458259583,65.85365853658537,2005.3459405899048,883.7855458259583
974,1737.673888206482,17276.73888206482,70.73170731707317,1797.4920272827148,1727.673888206482
975,3663.5446643829346,36535.446643829346,65.85365853658537,293.6438322067261,3653.5446643829346
976,615.7665348052979,6057.6653480529785,58.536585365853654,987.8422021865845,605.7665348052979
977,-64.05465841293329,-740.5465841293329,53.65853658536586,1895.2333331108093,-74.05465841293329
978,3244.3313097953796,32343.313097953796,65.85365853658537,590.4489159584045,3234.3313097953796
979,866.5434813499451,8565.43481349945,63.41463414634146,800.7164597511292,856.5434813499451
980,2850.8434987068176,28408.434987068176,70.73170731707317,1730.1618456840515,2840.8434987068176
981,1791.818926334381,17818.18926334381,56.09756097560976,1511.8236541748047,1781.818926334381
982,131.65546417236328,1216.5546417236328,58.536585365853654,916.6499376296997,121.65546417236328
983,545.2514982223511,5352.514982223511,53.65853658536586,1316.2263631820679,535.2514982223511
984,2016.049633026123,20060.49633026123,58.536585365853654,664.7741198539734,2006.049633026123
985,-36.08273506164551,-460.8273506164551,63.41463414634146,1397.7055549621582,-46.08273506164551
986,1253.2465553283691,12432.465553283691,63.41463414634146,815.8295750617981,1243.2465553283691
987,3940.33367395401,39303.3367395401,60.97560975609756,644.3158388137817,3930.33367395401
988,2835.543224811554,28255.43224811554,70.73170731707317,959.5983028411865,2825.543224811554
989,1488.1622290611267,14781.622290611267,60.97560975609756,944.3365335464478,1478.1622290611267
990,1038.9313793182373,10289.313793182373,70.73170731707317,692.0013427734375,1028.9313793182373
991,1813.4031987190247,18034.031987190247,63.41463414634146,935.7142448425293,1803.4031987190247
992,1981.1943864822388,19711.943864822388,58.536585365853654,1328.0029296875,1971.1943864822388
993,2642.6159834861755,26326.159834861755,60.97560975609756,657.7984094619751,2632.6159834861755
994,3272.04913854599,32620.4913854599,63.41463414634146,692.0013427734375,3262.04913854599
995,2046.840796470642,20368.40796470642,73.17073170731707,282.00531005859375,2036.840796470642
996,1084.529230594635,10745.29230594635,58.536585365853654,700.0148296356201,1074.529230594635
997,1179.7526574134827,11697.526574134827,58.536585365853654,675.5465865135193,1169.7526574134827
998,2368.3905696868896,23583.905696868896,60.97560975609756,1193.636417388916,2358.3905696868896
999,943.2787990570068,9332.787990570068,56.09756097560976,1307.9527616500854,933.2787990570068
